comment,typeid,play,pic,subtitle,description,copyright,title,review,author,mid,created,length,video_review,aid,bvid,hide_click,is_pay,is_union_video,is_steins_gate,is_live_playback,meta,is_avoided,attribute,vt_display,is_charging_arc,vt,enable_vt
400,201,69292,http://i2.hdslb.com/bfs/archive/2b0c74b4abb6b428786c9b426aa960fdd3cade5a.jpg,,-,1,è¢«ç—…äººå½“æˆäº†è¯ˆéª—çŠ¯ï¼Œè¿˜å¨èƒè¦æŠŠæˆ‘æŠ“èµ·æ¥â€¦â€¦,0,nagiçœŸçš„å¾ˆæ–‡é™,495792263,1695911348,05:44,179,364081541,BV1E94y1Y7Nn,False,0,0,0,0,,0,0,,False,0,0
531,201,208432,http://i2.hdslb.com/bfs/archive/92365b6c0be769b053519a5fd4d6bafa705a63bb.jpg,,-,1,ä¸ºä»€ä¹ˆåŒ»ç”Ÿè®¨åŒæš‘å‡ï¼Ÿï¼8æœˆçš„åŒ»é™¢æ™®é€šé—¨è¯Šåˆ°åº•æœ‰å¤šé»‘æš—ï¼Ÿ,0,nagiçœŸçš„å¾ˆæ–‡é™,495792263,1695560454,09:39,481,873816102,BV1WK4y1F7fW,False,0,0,0,0,,0,0,,False,0,0
154,201,56210,http://i1.hdslb.com/bfs/archive/1677bcb89bf795a4a743e29b2f6b68e9295ab21a.jpg,,-,1,ã€å½“ä»£å¹´è½»äººä½“æ£€çŠ¶å†µã€‘20å²çš„å¹´çºªï¼Œ80å²çš„èº«ä½“ï¼Ÿ,0,nagiçœŸçš„å¾ˆæ–‡é™,495792263,1695384000,06:14,107,961240853,BV1rH4y1S76r,False,0,0,0,0,,0,0,,False,0,0
139,201,36727,http://i1.hdslb.com/bfs/archive/41d73957831c1fea62a85861ea442643010025f6.jpg,,-,1,ã€è„±æ•ä¸ä¼¤çœ¼ã€‘çœ¼ç§‘åŒ»ç”Ÿæ•™ä½ 3ç§’é’Ÿæ­£ç¡®ä½©æˆ´ã€æ‘˜å–éšå½¢çœ¼é•œï¼,0,nagiçœŸçš„å¾ˆæ–‡é™,495792263,1694782858,02:16,50,321031767,BV1kw411i7N5,False,0,0,0,0,,0,0,,False,0,0
1086,201,148238,http://i1.hdslb.com/bfs/archive/4679610d923bb6ed06b831ab5b0ddfd6600c8cd0.jpg,,-,1,ä¸ºäº†å±±åŒºå¥³å­©ï¼Œæˆ‘è‡ªè´¹æµ‹è¯„äº†å‡ä»·ä½äº5æ¯›é’±1ç‰‡çš„å«ç”Ÿå·¾â€¦â€¦,0,nagiçœŸçš„å¾ˆæ–‡é™,495792263,1694521834,06:46,473,320968010,BV1Ww411i7nR,False,0,0,0,0,,0,0,,False,0,0
270,201,168881,http://i1.hdslb.com/bfs/archive/feb2d10e37c5a00aa457e68a6f1f73b0c1c8ed04.jpg,,-,1,æ€¥è¯Švlogï½œåŠå¤œé‡åˆ°éšå½¢å–ä¸å‡ºæ¥çš„ç—…äººæ€ä¹ˆåŠâ€¦â€¦,0,nagiçœŸçš„å¾ˆæ–‡é™,495792263,1694174400,01:25,52,490659215,BV1oN411v7Ss,False,0,0,0,0,,0,0,,False,0,0
216,201,149326,http://i1.hdslb.com/bfs/archive/1522d793b94885937d4e1361e4e3240f57fad755.jpg,,è¿™æ¬¡çœŸçš„æŠŠå‹ç®±åº•çš„æ–¹æ³•æ‹¿å‡ºæ¥äº†ï¼Œèµ¶ç´§å­¦èµ·æ¥å§ï¼,1,ã€çœ¼ç§‘åŒ»ç”Ÿç§‘æ™®ã€‘é»‘çœ¼åœˆå»ä¸æ‰ï¼Ÿä½ å¯èƒ½ä¸€ç›´éƒ½ä¸äº†è§£ä½ çš„é»‘çœ¼åœˆï¼ï¼ï¼ˆå†…å«è¶…è¯¦ç»†é»‘çœ¼åœˆæŒ‰æ‘©æ‰‹æ³•ï¼‰,0,nagiçœŸçš„å¾ˆæ–‡é™,495792263,1693994400,05:35,41,363072640,BV1v94y1s75T,False,0,0,0,0,,0,0,,False,0,0
476,201,55846,http://i0.hdslb.com/bfs/archive/e8cd9c3673b064290012a9162e5f8738217354f3.jpg,,-,1,ç”²çŠ¶è…ºç™Œï¼ŸåŸºå› æŸä¼¤ï¼Ÿæ ¸æ±¡æ°´å…¥æµ·å¯¹æˆ‘ä»¬å¥åº·åˆ°åº•æœ‰ä½•å½±å“,0,nagiçœŸçš„å¾ˆæ–‡é™,495792263,1693398438,06:06,198,702883331,BV1am4y1T7Fq,False,0,0,0,0,,0,0,,False,0,0
836,201,712967,http://i0.hdslb.com/bfs/archive/7fe0a8604cbe717e44b6844c73cfe2753386d57e.jpg,,-,1,ã€æ³°å›½æ—…æ¸¸é¿é›·ã€‘å¯èƒ½çœŸçš„å¤šçœ‹ä¸€çœ¼ï¼Œå°±ä¼šçœŸèŒæ„ŸæŸ“çš„ç¨‹åº¦...,0,nagiçœŸçš„å¾ˆæ–‡é™,495792263,1693139439,09:38,1983,957769308,BV1ip4y1E7pL,False,0,0,0,0,,0,0,,False,0,0
172,199,116123,http://i2.hdslb.com/bfs/archive/2e7b8f56dd6646cdbc2543ab5f4c887bc6ac3210.jpg,,-,1,è¿˜æœ‰åŠå°æ—¶å°±è¦ä¸Šç­å•¦ï¼æ€’è·³èˆç”©æ‰éœ‰è¿ï¼,0,nagiçœŸçš„å¾ˆæ–‡é™,495792263,1692960954,00:23,39,957704351,BV1Lp4y1E7sr,False,0,0,0,0,,0,0,,False,0,0
284,138,159504,http://i1.hdslb.com/bfs/archive/abb31a943ca8dd8cf6c08c243da97ecac347ff83.jpg,,æ‰€ä»¥é‡åˆ°è¿™ç§æƒ…å†µåˆ°åº•è¦æ€ä¹ˆåŠ,1,å‡å¦‚å¤§å®¶åœ¨æ€¥è¯Šçœ‹ç—…éƒ½è¯´çœŸè¯â€¦â€¦,0,nagiçœŸçš„å¾ˆæ–‡é™,495792263,1692795600,00:44,17,490163469,BV1mN411B754,False,0,0,0,0,,0,0,,False,0,0
589,201,77631,http://i0.hdslb.com/bfs/archive/664f9459d878a213256dcc76b9e399c8cc8fd363.jpg,,-,1,å§¨å¦ˆç—›åˆ°æ™•å¥åªèƒ½é å¿ï¼Ÿé¢å¯¹ç”Ÿç†ç—›åº”è¯¥åšå¯¹è¿™äº›äº‹ï¼,0,nagiçœŸçš„å¾ˆæ–‡é™,495792263,1692536400,07:39,466,232417782,BV1G841197L6,False,0,0,0,0,,0,0,,False,0,0
921,201,304334,http://i1.hdslb.com/bfs/archive/ed987bb997a52989d3fa268a5697246b978913ea.jpg,,-,1,æ¥äº†ä¸ªç«æ¯›ï¼Œå¥¹çš„çœ¼ç›é‡Œé•¿äº†20æ¡è¨è™«...,0,nagiçœŸçš„å¾ˆæ–‡é™,495792263,1691670049,06:02,511,447058330,BV1dj411z7Xy,False,0,0,0,0,,0,0,,False,0,0
4658,201,1145272,http://i2.hdslb.com/bfs/archive/7cef630248470757d178ab3a3e276df0b90ac387.jpg,,-,1,ã€å½“åŒ»ç”Ÿçœ‹åŒ»ç–—å‰§ã€‘å¥½æ­¹æ¯’çš„å‰§ï¼Œå…¬å¹³çš„åˆ›é£æ‰€æœ‰è¡Œä¸š...,0,nagiçœŸçš„å¾ˆæ–‡é™,495792263,1691238993,14:26,22890,786824457,BV1B14y1B7TY,False,0,0,0,0,,0,0,,False,0,0
182,201,76169,http://i0.hdslb.com/bfs/archive/159dc6ed31a5af2970bf24e3a86f8221932aea41.jpg,,-,1,å¥¹çš„ç²¾ç¥çŠ¶æ€å¥½ç¨³å®šï¼Œæ€ä¹ˆåšåˆ°çš„ï¼Ÿ,0,nagiçœŸçš„å¾ˆæ–‡é™,495792263,1690549225,04:39,181,359061690,BV1XX4y1E7MN,False,0,0,0,0,,0,0,,False,0,0
987,209,284438,http://i2.hdslb.com/bfs/archive/0f772eb11317b9d1714f8a81da1a48faf47be649.jpg,,å°±æ˜¯è¯´æˆ‘åˆ°ç°åœ¨ä¸ºæ­¢çœ‹åˆ°è¿™ä¸ªè§†é¢‘ï¼Œè¿˜æ˜¯éœ€è¦å¿ƒç†å»ºè®¾...,1,ã€ç²¾ç¥å´©æºƒã€‘ä½é™¢åŒ»è¿ä¸Šé—¨è¯Šâ•æ€¥è¯Š9å°æ—¶æŒ‘æˆ˜ï¼,0,nagiçœŸçš„å¾ˆæ–‡é™,495792263,1689858003,09:14,809,956196961,BV1BW4y1d72n,False,0,0,0,0,,0,0,,False,0,0
477,201,285145,http://i0.hdslb.com/bfs/archive/046f20c7607a7374318b566725329f10270fbd85.jpg,,-,1,ä¸ºäº†å˜ç¾ï¼Œå¥¹å¾€è‡€éƒ¨é‡Œæ³¨å°„300mlå¤§è±†æ²¹ï¼Ÿï¼Ÿâ€¦.,0,nagiçœŸçš„å¾ˆæ–‡é™,495792263,1689253200,08:21,578,403477408,BV1rV411N7dT,False,0,0,0,0,,0,0,,False,0,0
542,21,99832,http://i1.hdslb.com/bfs/archive/8f9af613eb5070faa95fb79bcdd16d1b3628b713.jpg,,-,1,å½“ä»£å¹´è½»äººä¸ºä»€ä¹ˆè¿™ä¹ˆå®¹æ˜“emoâ€¦â€¦,0,nagiçœŸçš„å¾ˆæ–‡é™,495792263,1688655208,10:48,723,615501517,BV1gh4y1u7is,False,0,0,0,0,,0,0,,False,0,0
182,21,96615,http://i0.hdslb.com/bfs/archive/8a8732fc4fa3f12fb35020c01ae269f9717f3a5d.jpg,,-,1,å¼€ç¯‡å³é«˜èƒ½ï¼Œå¥‡è‘©æ¡ˆä¾‹è®©äººæ³ªæµä¸æ­¢â€¦â€¦,0,nagiçœŸçš„å¾ˆæ–‡é™,495792263,1688205633,18:15,584,357924735,BV1aX4y1v7WQ,False,0,0,0,0,,0,0,,False,0,0
342,21,70153,http://i1.hdslb.com/bfs/archive/73fea8e16abefadb63adf6deeadd752ca6b033a9.jpg,,-,1,å¦Šå¨ çº¹åˆ°åº•æ˜¯ä¸æ˜¯äººäººéƒ½ä¼šå¾—ï¼Ÿ,0,nagiçœŸçš„å¾ˆæ–‡é™,495792263,1687863631,03:19,147,572783368,BV1Gz4y1p7h6,False,0,0,0,0,,0,0,,False,0,0
2104,201,551096,http://i2.hdslb.com/bfs/archive/4b352b4ea8d1b74e73c20b05c728f74a72aefc52.jpg,,,1,ä¸ºäº†å˜ç˜¦ï¼Œå¥¹æŠŠä¸€æ ¹50cmçš„ç®¡å­æ’è¿›èº«ä½“â€¦,0,nagiçœŸçš„å¾ˆæ–‡é™,495792263,1687428000,09:36,3806,230101604,BV1kh411K7tV,False,0,0,0,0,,0,0,,False,0,0
1790,208,158751,http://i0.hdslb.com/bfs/archive/d74dc8950835502b2b9b9f9f3f23f2aec9e6d4d8.jpg,,-,1,é«˜è€ƒåè¿˜è¦æŠ¥è€ƒåŒ»å­¦ä¸“ä¸šï¼Ÿå…ˆå¬å¬è§„åŸ¹ä¸€å¹´åŠçš„è€ç¤¾ç•œæ€ä¹ˆè¯´â€¦..,0,nagiçœŸçš„å¾ˆæ–‡é™,495792263,1686923246,07:34,380,912354111,BV1KM4y1n7uw,False,0,0,0,0,,0,0,,False,0,0
432,157,62918,http://i2.hdslb.com/bfs/archive/5e5caef50b8dc55b4b30685ce5fe2724104e4263.jpg,,,1,è¿™å¹´å¤´å½“åŒ»ç”Ÿè¿˜ä¸èƒ½åŒ–å¦†ï¼Ÿ,0,nagiçœŸçš„å¾ˆæ–‡é™,495792263,1686307037,07:59,406,869575271,BV1yV4y127Qq,False,0,0,0,0,,0,0,,False,0,0
61,21,33037,http://i1.hdslb.com/bfs/archive/f954eefcdc0b990f2b4d44c4812a5fa58ba448df.jpg,,ä½ ä»¬å‚¬çš„è¾¹åŒ–å¦†è¾¹åˆ†äº«æ¥äº†ï¼æŠ€æœ¯ä¸å¥½ä¸è¦ä»‹æ„ï½,1,å¥½ç‰©åˆ†äº«ï¼4ä¸ªä¾¿å®œåˆå¥½ç”¨çš„å®è—å¥½ç‰©â€¦,0,nagiçœŸçš„å¾ˆæ–‡é™,495792263,1686057680,07:57,70,741913131,BV1ok4y1H799,False,0,0,0,0,,0,0,,False,0,0
842,21,171081,http://i1.hdslb.com/bfs/archive/8582c69ab7423ed9c3bab73a33309454801c2b18.jpg,,å¤§å®¶å‡ºé—¨ä¸€å®šè¦åšå¥½é˜²æŠ¤å•Šï¼,1,å› ä¸ºäºŒé˜³ï¼Œ2ä¸‡æ‰“äº†æ°´æ¼‚ï¼ï¼,0,nagiçœŸçš„å¾ˆæ–‡é™,495792263,1685625458,10:14,552,784270902,BV1n24y1P7d7,False,0,0,0,0,,0,0,,False,0,0
71,157,95690,http://i2.hdslb.com/bfs/archive/0c12a8af89132408fda9eb72728622dd5e258bcd.jpg,,çœ¼éœœéƒ½æ˜¯æ™ºå•†ç¨â“çœ¼éœœå’Œé¢éœœä¸€æ ·ï¼Ÿæ²¡å¿…è¦ä¹°ï¼Ÿå¿«æ¥çœ‹çœ‹ä½ åˆ°åº•éœ€ä¸éœ€è¦è´­å…¥çœ¼éœœ,1,åˆ«æµªè´¹é’±äº†â—çœ¼ç§‘åŒ»å­¦åšå£«æ­ç§˜çœ¼éœœæ•ˆæœï¼Œçº¯å¹²è´§ï¼,0,nagiçœŸçš„å¾ˆæ–‡é™,495792263,1685181600,04:54,55,271583994,BV1Lc411G7P2,False,0,0,0,0,,0,0,,False,0,0
665,21,99186,http://i1.hdslb.com/bfs/archive/3e6d727d1b57e42a3a67e179f3caab88b4c953bd.jpg,,åäººç±»å’Œç”·äººçæ‰¯çš„é¿å­•æ–¹å¼ï¼Œéƒ½åˆ«æ¥æ²¾è¾¹ï¼æ‰€æœ‰å¥³ç”Ÿç‰¢è®°ä¸€å¥è¯ï¼šè‡ªå·±çš„å¥åº·æ‰æ˜¯æœ€é‡è¦çš„ï¼ï¼æ‰èƒ½ç¨³ç¨³çˆ±ï¼è¿‡å¥½æ¯ä¸€å¤©ï¼,1,ä¸¤ä¸ªäººçš„å¿«ä¹å•ªå•ªï¼Œå‡­ä»€ä¹ˆå¥³æ€§ä¸€ä¸ªäººå—ä¼¤â—,0,nagiçœŸçš„å¾ˆæ–‡é™,495792263,1684810072,04:29,314,356438887,BV1PX4y1y765,False,0,0,0,0,,0,0,,False,0,0
1031,201,107425,http://i2.hdslb.com/bfs/archive/a87f441091850bca31a13a8e54536010c0de52ee.jpg,,æ‹’ç»å®¡ç¾PUAï¼Œä»ä½ æˆ‘åšèµ·ï¼,1,çƒçƒç•¸å½¢å®¡ç¾ç™½å¹¼ç˜¦ï¼Œèµ¶ç´§ä»åœ°çƒæ¶ˆå¤±ğŸ’¥,0,nagiçœŸçš„å¾ˆæ–‡é™,495792263,1683455445,06:24,227,953298392,BV18s4y137YW,False,0,0,0,0,,0,0,,False,0,0
558,201,158317,http://i1.hdslb.com/bfs/archive/6990a7efeb36b34f8f4efe76bada073b8d385e80.jpg,,-,1,é‡åˆ°æ‚£è€…åå››å²å½“å¦ˆï¼Œå¦‡äº§ç§‘åŒ»ç”Ÿè¯¥æ€ä¹ˆåŠâ€¦â€¦ã€è®¿è°ˆç‹å¤§åŒ…ï¼ˆä¸‹ï¼‰ã€‘,0,nagiçœŸçš„å¾ˆæ–‡é™,495792263,1682766000,08:28,479,698064374,BV1im4y1171k,False,0,0,0,0,,0,0,,False,0,0
511,201,76870,http://i0.hdslb.com/bfs/archive/7c8907a3439af5bb41740efb658ea1079e954a73.jpg,,,1,è¿™å¹´å¤´ï¼Œæ€ä¹ˆè¿˜æœ‰äººåœ¨å½“å¦‡ç§‘ç”·åŒ»ç”Ÿå•Šï¼Ÿï¼ã€è®¿è°ˆç‹å¤§åŒ…ï¼ˆä¸Šï¼‰ã€‘,0,nagiçœŸçš„å¾ˆæ–‡é™,495792263,1682680017,06:42,226,783083631,BV1N14y1Z7iQ,False,0,0,0,0,"{'id': 1328116, 'title': 'åŒ»ç”Ÿç”Ÿæ´»å¤§è®¿è°ˆ', 'cover': '//i0.hdslb.com/bfs/archive/7c8907a3439af5bb41740efb658ea1079e954a73.jpg', 'mid': 495792263, 'intro': '', 'sign_state': 0, 'attribute': 140, 'stat': {'season_id': 1328116, 'view': 76870, 'danmaku': 226, 'reply': 511, 'favorite': 442, 'coin': 444, 'share': 277, 'like': 4378, 'mtime': 1696822773, 'vt': 0, 'vv': 0}, 'ep_count': 1, 'first_aid': 783083631, 'ptime': 1682680017, 'ep_num': 1}",0,0,,False,0,0
278,201,88570,http://i1.hdslb.com/bfs/archive/ab2e1439bda4678ea65e5e3303788ec78a2c3083.jpg,,å¸çƒŸæœ‰å®³å¥åº·â—è¯·å¤§å®¶æŠŠè¿™å¥è¯åˆ»åœ¨éª¨å­é‡Œâ—,1,å£å‘³ç”µå­çƒŸï¼Œé’ˆå¯¹å¹´è½»äººçš„åŠ æ–™å¥åº·é™·é˜±ï¼Ÿï¼,0,nagiçœŸçš„å¾ˆæ–‡é™,495792263,1682081229,05:02,379,740295452,BV1wk4y1J7CJ,False,0,0,0,0,,0,0,,False,0,0
166,201,67446,http://i0.hdslb.com/bfs/archive/485d73eb02def5c99a66ea650853ced35e9fed84.jpg,,å®¶äººä»¬ï¼Œå¬æˆ‘ä¸€å¥åŠï¼å¹²ç»†èƒç¾å®¹çœŸçš„zzs,1,ä¸€å¤œå›æ˜¥ï¼ä¸€é’ˆ15ä¸‡æ‰“å¹²ç»†èƒï¼ŒçœŸçš„ç«‹é©¬å¹´è½»30å²ï¼Ÿï¼,0,nagiçœŸçš„å¾ˆæ–‡é™,495792263,1681469100,08:01,241,612465505,BV13h4y1W7gE,False,0,0,0,0,"{'id': 227590, 'title': 'å¥‡è‘©åŒ»ç¾å¤§åæ§½', 'cover': 'https://archive.biliimg.com/bfs/archive/1615fb8f17737467d8a287c87ea374040c4989ab.jpg', 'mid': 495792263, 'intro': '', 'sign_state': 0, 'attribute': 140, 'stat': {'season_id': 227590, 'view': 6732544, 'danmaku': 33189, 'reply': 20182, 'favorite': 41253, 'coin': 70326, 'share': 18386, 'like': 365462, 'mtime': 1696823329, 'vt': 0, 'vv': 0}, 'ep_count': 11, 'first_aid': 851053757, 'ptime': 1681469100, 'ep_num': 11}",0,0,,False,0,0
509,21,321996,http://i0.hdslb.com/bfs/archive/bc2ce566cb8b6cfc8fb9075a20a7f1c574b1f33e.jpg,,-,1,ok..æˆ‘å¦ç™½..ä¸æ›´æ–°çš„ä¸€ä¸ªæœˆæˆ‘å»åŠ¨åˆ€äº†,0,nagiçœŸçš„å¾ˆæ–‡é™,495792263,1681012447,10:40,937,824676359,BV1ug4y137AQ,False,0,0,0,0,,0,0,,False,0,0
263,21,137013,http://i1.hdslb.com/bfs/archive/e358a7658461d4c57bfc7d4a9ea1f1aba2751176.jpg,,åˆ«ç®¡äº†ï¼ŒçœŸç¢°åˆ°è¿‡,1,è¿™å¹´å¤´å½“åŒ»ç”Ÿè¿˜è¦å¸®ç—…äººç’å¥³å‹ï¼Ÿï¼ï¼Ÿ,0,nagiçœŸçš„å¾ˆæ–‡é™,495792263,1678273200,05:47,327,268049226,BV18Y411675f,False,0,0,0,0,,0,0,,False,0,0
564,201,82656,http://i2.hdslb.com/bfs/archive/be13c6137e229c0efbdb2fece8429e47e43f5ae7.jpg,,ä½“æ£€2ä¸ªè‚ºç»“èŠ‚ï¼Ÿç£¨ç»ç’ƒç»“èŠ‚æ˜¯ä¸æ˜¯è‚ºç™Œæ—©æœŸï¼Ÿä»€ä¹ˆæ ·çš„è‚ºç»“èŠ‚éœ€è¦å®šæœŸéšè®¿ï¼Ÿä¸€ç¯‡ç»™ä½ å…¨éƒ¨è¯´æ¸…æ¥šï½ï¼,1,27å²ï¼Ÿå·²ç»å¾—äº†ä¸¤ä¸ªç£¨ç»ç’ƒè‚ºç»“èŠ‚ï¼Ÿï¼Ÿï¼Ÿ,0,nagiçœŸçš„å¾ˆæ–‡é™,495792263,1677238500,07:31,288,482443859,BV1vT411i7vq,False,0,0,0,0,,0,0,,False,0,0
52,21,83492,http://i2.hdslb.com/bfs/archive/5ddb8148761f040220971e0195fd515ce0607e72.jpg,,,1,å•Šå•Šå•Šå¥³åŒ»ç”Ÿä¸Šç­2å¹´åçš„ç¬¬ä¸€æ¬¡æ—…æ¸¸è°æ‡‚å•Šï¼ï¼ã€æµ·å—vlogã€‘,0,nagiçœŸçš„å¾ˆæ–‡é™,495792263,1676028836,05:34,137,651667806,BV1ve4y1P7Xa,False,0,0,0,0,"{'id': 227773, 'title': 'æœºæ™ºçš„åŒ»ç”Ÿç”Ÿæ´»', 'cover': 'https://archive.biliimg.com/bfs/archive/b855f115bc4d6107a64d5ea7e6898cbd803544a6.jpg', 'mid': 495792263, 'intro': '', 'sign_state': 0, 'attribute': 140, 'stat': {'season_id': 227773, 'view': 3900238, 'danmaku': 18974, 'reply': 9516, 'favorite': 21758, 'coin': 22808, 'share': 7991, 'like': 145226, 'mtime': 1696823510, 'vt': 0, 'vv': 0}, 'ep_count': 11, 'first_aid': 850455929, 'ptime': 1676028836, 'ep_num': 11}",0,0,,False,0,0
704,157,203132,http://i0.hdslb.com/bfs/archive/83d34c955e59f559bf6f7f85e1c683d0e46219c6.jpg,,ä»Šå¤©èŠç‚¹ç§æˆ¿è¯ï½åˆ«ç¾æ¶©è¦å¥åº·ï¼å¤–åœ¨å˜ç¾çš„åŒæ—¶ä¹Ÿåˆ«å¿˜äº†éª¨å­é‡Œçš„å¥åº· éƒ½æ‹¿å‡ºå°æœ¬æœ¬è®°ä¸‹,1,ä¸ºäº†å–æ‚¦ä»–ï¼Œç”¨äº†ç§å¤„é¦™æ°´ã€‚ã€‚è¯·é—®è¿™æ˜¯æ–°å‹è£¹è„šå¸ƒå—ï¼Ÿ,0,nagiçœŸçš„å¾ˆæ–‡é™,495792263,1675854000,05:52,637,651530434,BV1Re4y1A7GN,False,0,0,0,0,"{'id': 227598, 'title': 'ç¡¬æ ¸ç§‘æ™® æ¶¨çŸ¥è¯†', 'cover': 'https://archive.biliimg.com/bfs/archive/b855f115bc4d6107a64d5ea7e6898cbd803544a6.jpg', 'mid': 495792263, 'intro': '', 'sign_state': 0, 'attribute': 140, 'stat': {'season_id': 227598, 'view': 12027656, 'danmaku': 77132, 'reply': 43366, 'favorite': 329754, 'coin': 224903, 'share': 210171, 'like': 682986, 'mtime': 1696823262, 'vt': 0, 'vv': 0}, 'ep_count': 32, 'first_aid': 766756398, 'ptime': 1675854000, 'ep_num': 32}",0,0,,False,0,0
252,201,123692,http://i0.hdslb.com/bfs/archive/c3679235faf93a50aebfe628c234f17ec05dc14a.jpg,,-,1,çƒŸèŠ±å¾ˆç¾ï¼Œä½†çœ¼ç§‘åŒ»ç”Ÿæµæ³ªï¼ˆ45åº¦ä»°å¤´ã€‚ã€‚ã€‚,0,nagiçœŸçš„å¾ˆæ–‡é™,495792263,1674448200,07:30,333,523157754,BV1YM411t77L,False,0,0,0,0,,0,0,,False,0,0
509,21,291173,http://i0.hdslb.com/bfs/archive/5bbaba3dcdd40b8b62256f031f784c9610cdf58c.jpg,,ä»æ¥æ²¡æœ‰æƒ³è¿‡æœ‰ä¸€å¤©æ—¥å­å›è¿‡æˆè¿™æ ·ã€‚ã€‚ã€‚,1,æ”¾å¼€åï¼Œçœ¼ç§‘åŒ»ç”Ÿä¹Ÿè¦å´©æºƒäº†ã€‚ã€‚ã€‚,0,nagiçœŸçš„å¾ˆæ–‡é™,495792263,1674124932,08:32,612,905594963,BV1KP4y1r7vb,False,0,0,0,0,,0,0,,False,0,0
297,201,75325,http://i1.hdslb.com/bfs/archive/27c051f80d3a440aea2e67c7140415a2a0e39879.jpg,,è½¬é˜´åçˆ¬ä¸ªæ¥¼æ¢¯éƒ½æ°”è™šï¼Œæ˜¯ä¸æ˜¯å¾—å¿ƒè‚Œç‚äº†ï¼Ÿ,1,æ–°å† åå‰§çƒˆè¿åŠ¨ï¼Ÿè­¦æƒ•å¿ƒè‚Œç‚ï¼è‡´æ­»ç‡50%,0,nagiçœŸçš„å¾ˆæ–‡é™,495792263,1672475798,03:54,188,989536249,BV1H44y1d7jh,False,0,0,0,0,,0,0,,False,0,0
420,201,119261,http://i1.hdslb.com/bfs/archive/f0b4fe5a9348f2a56899e68e86b6987ab86b9b5b.jpg,,é˜³äº†åï¼Œä½ æœ‰å‡ å¤©æ²¡æ´—æ¾¡äº†ï¼Ÿ,1,æ²¡å¿ä½æ´—äº†ä¸ªæ¾¡ï¼Œç»“æœå¿ƒæ‚¸ã€å‘é«˜çƒ§ã€‚ã€‚ï¼Ÿ,0,nagiçœŸçš„å¾ˆæ–‡é™,495792263,1672395266,02:36,254,734446549,BV1BD4y1j7GQ,False,0,0,0,0,,0,0,,False,0,0
570,201,316208,http://i0.hdslb.com/bfs/archive/4bca49ea8f0805886e2cb52733fdaa93834dfd1b.jpg,,æ–°å† è¾Ÿè°£ï¼Œ73%ğŸ‘äººåœ¨åŠå¹´å†…ä¸ä¼šå†æ¬¡æ„ŸæŸ“ï¼Ÿ,1,ä»€ä¹ˆäººå®¹æ˜“åå¤æ„ŸæŸ“æ–°å† ï¼Ÿä¼šä¸€æ¬¡æ¯”ä¸€æ¬¡ä¸¥é‡å—ï¼Ÿ,0,nagiçœŸçš„å¾ˆæ–‡é™,495792263,1671797159,06:33,679,904140917,BV18P4y1i7oG,False,0,0,0,0,,0,0,,False,0,0
1163,201,318967,http://i1.hdslb.com/bfs/archive/7fb7eed301017cdf80662787e99d112e70f65a20.jpg,,é€æ­¥å¼€æ”¾ï¼Œé˜´ç¾Šä¸åˆ†ï¼Œæ„ŸæŸ“äº†è¯¥æ€ä¹ˆåŠï¼Ÿ,1,é€æ­¥å¼€æ”¾ï¼Œå®³æ€•è‡ªå·±ä¸‡ä¸€ç¾Šäº†æ€ä¹ˆåŠï¼Ÿ,0,nagiçœŸçš„å¾ˆæ–‡é™,495792263,1670580950,08:28,648,263551799,BV1Ze411A7Kr,False,0,0,0,0,"{'id': 227598, 'title': 'ç¡¬æ ¸ç§‘æ™® æ¶¨çŸ¥è¯†', 'cover': 'https://archive.biliimg.com/bfs/archive/b855f115bc4d6107a64d5ea7e6898cbd803544a6.jpg', 'mid': 495792263, 'intro': '', 'sign_state': 0, 'attribute': 140, 'stat': {'season_id': 227598, 'view': 12027656, 'danmaku': 77132, 'reply': 43366, 'favorite': 329754, 'coin': 224903, 'share': 210171, 'like': 682986, 'mtime': 1696823262, 'vt': 0, 'vv': 0}, 'ep_count': 32, 'first_aid': 766756398, 'ptime': 1675854000, 'ep_num': 32}",0,0,,False,0,0
166,201,135856,http://i0.hdslb.com/bfs/archive/5a05ec9be839b77713f6abcd3d4116f72cf8fea8.jpg,,é«˜åº¦è¿‘è§†å¯¼è‡´é‡‘é±¼çœ¼ï¼Œæœ‰å¿…è¦æ”¹å–„å—ï¼Ÿ,1,å¥¹ä¸ºäº†æ”¹å–„é‡‘é±¼çœ¼ï¼Œåœ¨çœ¼çœ¶éª¨ä¸Šæ‰“æ´ï¼Œç»“æœç«Ÿç„¶....,0,nagiçœŸçš„å¾ˆæ–‡é™,495792263,1668772200,06:02,345,690326096,BV1u24y117u2,False,0,0,0,0,"{'id': 227590, 'title': 'å¥‡è‘©åŒ»ç¾å¤§åæ§½', 'cover': 'https://archive.biliimg.com/bfs/archive/1615fb8f17737467d8a287c87ea374040c4989ab.jpg', 'mid': 495792263, 'intro': '', 'sign_state': 0, 'attribute': 140, 'stat': {'season_id': 227590, 'view': 6732544, 'danmaku': 33189, 'reply': 20182, 'favorite': 41253, 'coin': 70326, 'share': 18386, 'like': 365462, 'mtime': 1696823329, 'vt': 0, 'vv': 0}, 'ep_count': 11, 'first_aid': 851053757, 'ptime': 1681469100, 'ep_num': 11}",0,0,,False,0,0
295,201,141864,http://i0.hdslb.com/bfs/archive/8e146aaf7e76214ab080b1acf9b3b13b0f55e341.jpg,,å†»åµçœŸçš„æ˜¯å”¯ä¸€çš„åæ‚”è¯å—ï¼Ÿ,1,ä¸­å¹´å°‘å¥³æœ‰å¿…è¦å†»åµå—ï¼ŸæˆåŠŸç‡æ¯”ä½ æƒ³è±¡çš„æ›´ä½...,0,nagiçœŸçš„å¾ˆæ–‡é™,495792263,1668229200,08:04,445,945027886,BV1ZW4y147FR,False,0,0,0,0,,0,0,,False,0,0
986,201,635055,http://i1.hdslb.com/bfs/archive/0d6163b577d3259975ff06edad9476dcaf7013a7.jpg,,40cmçš„è…°ï¼Ÿæ¯”å¤´å›´è¿˜å° åˆ«ç®¡äº†,1,å¥¹ä¸ºäº†ç˜¦è…°ï¼Œä¸æƒœå–å‡º6æ ¹è‚‹éª¨ï¼Œç»“æœç«Ÿç„¶ã€‚ã€‚ã€‚,0,nagiçœŸçš„å¾ˆæ–‡é™,495792263,1668076349,05:08,2043,219896265,BV1c8411a7rd,False,0,0,0,0,,0,0,,False,0,0
91,201,117725,http://i1.hdslb.com/bfs/archive/11a61f0a42f7b5f4267a3ccf9e256bd637197d61.jpg,,ä¸€å¹´ä¸€åº¦çš„åŒ11æ¸…å•æ¥å•¦ï¼çœŸçš„å¹³ä»·åˆå¥½ç”¨ï¼,1,è¿›æ¥çœé’±ï¼25+åŒ»å­¦å¥³åšå£«çš„æ¸…é†’æ¶ˆè´¹é™çº§ï¼åŒ11æ¸…å•ï¼,0,nagiçœŸçš„å¾ˆæ–‡é™,495792263,1666953000,07:48,189,389526791,BV13d4y117xK,False,0,0,0,0,"{'id': 227773, 'title': 'æœºæ™ºçš„åŒ»ç”Ÿç”Ÿæ´»', 'cover': 'https://archive.biliimg.com/bfs/archive/b855f115bc4d6107a64d5ea7e6898cbd803544a6.jpg', 'mid': 495792263, 'intro': '', 'sign_state': 0, 'attribute': 140, 'stat': {'season_id': 227773, 'view': 3900238, 'danmaku': 18974, 'reply': 9516, 'favorite': 21758, 'coin': 22808, 'share': 7991, 'like': 145226, 'mtime': 1696823510, 'vt': 0, 'vv': 0}, 'ep_count': 11, 'first_aid': 850455929, 'ptime': 1676028836, 'ep_num': 11}",0,0,,False,0,0
613,201,263437,http://i0.hdslb.com/bfs/archive/25179b1168a0813ff4bede04d1fceaaefcb74670.jpg,,sosï¼10å¹´å‰æ‰“å¥¥ç¾å®šçš„äººç°åœ¨æ€ä¹ˆæ ·äº†.....,1,10å¹´å‰å¾®åˆ›éš†èƒ¸ï¼Œç°åœ¨å±…ç„¶å…¨ä¹³åˆ‡é™¤â€¦â€¦,0,nagiçœŸçš„å¾ˆæ–‡é™,495792263,1666349100,07:01,597,474279507,BV1QK411S73v,False,0,0,0,0,"{'id': 227590, 'title': 'å¥‡è‘©åŒ»ç¾å¤§åæ§½', 'cover': 'https://archive.biliimg.com/bfs/archive/1615fb8f17737467d8a287c87ea374040c4989ab.jpg', 'mid': 495792263, 'intro': '', 'sign_state': 0, 'attribute': 140, 'stat': {'season_id': 227590, 'view': 6732544, 'danmaku': 33189, 'reply': 20182, 'favorite': 41253, 'coin': 70326, 'share': 18386, 'like': 365462, 'mtime': 1696823329, 'vt': 0, 'vv': 0}, 'ep_count': 11, 'first_aid': 851053757, 'ptime': 1681469100, 'ep_num': 11}",0,0,,False,0,0
527,201,266075,http://i1.hdslb.com/bfs/archive/f92e1f1f1b24251027c681df14b77661189371bf.jpg,,ç¬¨è›‹ç¾å¥³ä»¬éƒ½é•¿ä¸ªå¿ƒçœ¼å§ï¼,1,æ„å¤–å‘ç°ç”·æœ‹å‹å«–å¨¼ï¼Œæˆ‘è¯¥å¦‚ä½•è‡ªä¿ã€‚ã€‚ï¼Ÿ,0,nagiçœŸçš„å¾ˆæ–‡é™,495792263,1665657821,04:17,342,731574511,BV1VD4y1C759,False,0,0,0,0,"{'id': 227598, 'title': 'ç¡¬æ ¸ç§‘æ™® æ¶¨çŸ¥è¯†', 'cover': 'https://archive.biliimg.com/bfs/archive/b855f115bc4d6107a64d5ea7e6898cbd803544a6.jpg', 'mid': 495792263, 'intro': '', 'sign_state': 0, 'attribute': 140, 'stat': {'season_id': 227598, 'view': 12027656, 'danmaku': 77132, 'reply': 43366, 'favorite': 329754, 'coin': 224903, 'share': 210171, 'like': 682986, 'mtime': 1696823262, 'vt': 0, 'vv': 0}, 'ep_count': 32, 'first_aid': 766756398, 'ptime': 1675854000, 'ep_num': 32}",0,0,,False,0,0
342,157,158189,http://i2.hdslb.com/bfs/archive/1e602a807c309f9a98d3793adef90f3cb9421409.jpg,,"13å¹´è„‚æº¢æ€§çš®ç‚ï¼Œä»ä¸€å¹´å¤å‘åå‡ æ¬¡åˆ°å¹²å¹²å‡€å‡€æ¸…æ¸…çˆ½çˆ½ï¼Œå°±ç®—æ˜¯å€¼å¤œç­ä¹Ÿä¸ä¼šå¤å‘ï¼
äº²èº«ç»å†ï¼ŒæŠŠå‹ç®±åº•çš„æ²»ç–—æ–¹æ¡ˆéƒ½æ•´ç†å‡ºæ¥äº†ï¼",1,åŒ»å­¦åšå£«ï½œ13å¹´è„‚æº¢æ€§çš®ç‚è¶…å¼ºè‡ªæ•‘æ”»ç•¥ï¼Œè¿˜ä½ å¹²å‡€å¥½çš®ï¼,0,nagiçœŸçš„å¾ˆæ–‡é™,495792263,1664536800,08:43,283,986043820,BV18t4y1w77k,False,0,0,0,0,"{'id': 227598, 'title': 'ç¡¬æ ¸ç§‘æ™® æ¶¨çŸ¥è¯†', 'cover': 'https://archive.biliimg.com/bfs/archive/b855f115bc4d6107a64d5ea7e6898cbd803544a6.jpg', 'mid': 495792263, 'intro': '', 'sign_state': 0, 'attribute': 140, 'stat': {'season_id': 227598, 'view': 12027656, 'danmaku': 77132, 'reply': 43366, 'favorite': 329754, 'coin': 224903, 'share': 210171, 'like': 682986, 'mtime': 1696823262, 'vt': 0, 'vv': 0}, 'ep_count': 32, 'first_aid': 766756398, 'ptime': 1675854000, 'ep_num': 32}",0,0,,False,0,0
1507,201,635691,http://i2.hdslb.com/bfs/archive/01e486231c14dd1eb4718457ac0db7732b96ef35.jpg,,åˆæ˜¯å¤§è·Œçœ¼é•œçš„ä¸€æœŸè§†é¢‘ã€‚ã€‚ä¸è¦å†ç”¨rushäº† çœŸçš„æœ‰d ï¼å®å­ä»¬ï¼ï¼ï¼,1,ä¸€ç”·æ€§ç”¨å®Œrushæƒ³å¤§å¹²ä¸€åœºï¼Œç»“æœä¼‘å…‹äº†ã€‚ã€‚ï¼Ÿ,0,nagiçœŸçš„å¾ˆæ–‡é™,495792263,1664201353,06:15,2558,730879834,BV1cD4y117R3,False,0,0,0,0,"{'id': 227598, 'title': 'ç¡¬æ ¸ç§‘æ™® æ¶¨çŸ¥è¯†', 'cover': 'https://archive.biliimg.com/bfs/archive/b855f115bc4d6107a64d5ea7e6898cbd803544a6.jpg', 'mid': 495792263, 'intro': '', 'sign_state': 0, 'attribute': 140, 'stat': {'season_id': 227598, 'view': 12027656, 'danmaku': 77132, 'reply': 43366, 'favorite': 329754, 'coin': 224903, 'share': 210171, 'like': 682986, 'mtime': 1696823262, 'vt': 0, 'vv': 0}, 'ep_count': 32, 'first_aid': 766756398, 'ptime': 1675854000, 'ep_num': 32}",0,0,,False,0,0
132,201,53941,http://i2.hdslb.com/bfs/archive/197e8c9ff12ae689fb16eaa3b09d6be4c9f42659.jpg,,åœ¨åšè¿™ä¸ªç§‘æ™®å‰ï¼Œæˆ‘ä¹Ÿå›°æƒ‘äº†å¾ˆä¹…ï¼Œå…¬å•åˆ°åº•ä¼šä¸ä¼šæ„ŸæŸ“xç—…ï¼Ÿ,1,ä¸Šå…¬å•ç«Ÿä¼šä¼ æŸ“xç—…ï¼Ÿï¼é©¬æ¡¶ã€è¹²å‘è°æ›´å®‰å…¨ï¼Ÿ,0,nagiçœŸçš„å¾ˆæ–‡é™,495792263,1663932300,06:09,231,430845577,BV1tG411g7Ev,False,0,0,0,0,"{'id': 227598, 'title': 'ç¡¬æ ¸ç§‘æ™® æ¶¨çŸ¥è¯†', 'cover': 'https://archive.biliimg.com/bfs/archive/b855f115bc4d6107a64d5ea7e6898cbd803544a6.jpg', 'mid': 495792263, 'intro': '', 'sign_state': 0, 'attribute': 140, 'stat': {'season_id': 227598, 'view': 12027656, 'danmaku': 77132, 'reply': 43366, 'favorite': 329754, 'coin': 224903, 'share': 210171, 'like': 682986, 'mtime': 1696823262, 'vt': 0, 'vv': 0}, 'ep_count': 32, 'first_aid': 766756398, 'ptime': 1675854000, 'ep_num': 32}",0,0,,False,0,0
249,201,108685,http://i0.hdslb.com/bfs/archive/ffc81580d360e1a889e229f8544d88c4fc65f0df.jpg,,"é˜²çª¥å±ä¼¤çœ¼çªç„¶å†²ä¸Šçƒ­æœï¼Œäº‹å®çœŸçš„å¦‚æ­¤å—ï¼Ÿ
æˆ‘æƒ³è¯´çš„æ˜¯æ¯å¤©æ¥å—æ— æ•°ä¿¡æ¯ï¼Œæˆ‘ä»¬è¦åšçš„æ˜¯ä¸è¦å¬é£å°±æ˜¯é›¨ï¼Œé”»ç‚¼è‡ªå·±ç‹¬ç«‹æ€è€ƒï¼Œè¾©è¯çœ‹å¾…é—®é¢˜çš„èƒ½åŠ›ï½",1,çœŸçš„ä¼¤çœ¼ï¼Ÿï¼çœ‹å®Œæˆ‘ç«‹åˆ»æ’•æ‰äº†é˜²çª¥è†œï¼Ÿï¼,0,nagiçœŸçš„å¾ˆæ–‡é™,495792263,1663848000,04:50,418,603262356,BV1RB4y1E7QT,False,0,0,0,0,"{'id': 227598, 'title': 'ç¡¬æ ¸ç§‘æ™® æ¶¨çŸ¥è¯†', 'cover': 'https://archive.biliimg.com/bfs/archive/b855f115bc4d6107a64d5ea7e6898cbd803544a6.jpg', 'mid': 495792263, 'intro': '', 'sign_state': 0, 'attribute': 140, 'stat': {'season_id': 227598, 'view': 12027656, 'danmaku': 77132, 'reply': 43366, 'favorite': 329754, 'coin': 224903, 'share': 210171, 'like': 682986, 'mtime': 1696823262, 'vt': 0, 'vv': 0}, 'ep_count': 32, 'first_aid': 766756398, 'ptime': 1675854000, 'ep_num': 32}",0,0,,False,0,0
119,201,111093,http://i0.hdslb.com/bfs/archive/6139be5c2d36851a62b37f570a28202c97121298.jpg,,è°å†è¯´æ€€å­•ä¸èƒ½å…»å® ç‰©æˆ‘å¯çœŸçš„è¦ç”Ÿæ°”äº†ï¼,1,æ€€å­•ä¸èƒ½å…»å® ï¼Ÿå…»å® å¯¼è‡´åŒç›®å¤±æ˜ï¼Ÿçº¯å±æ”¾å±ï¼ï¼ï¼,0,nagiçœŸçš„å¾ˆæ–‡é™,495792263,1662720824,08:47,71,557809661,BV1se4y1o781,False,0,0,0,0,"{'id': 227598, 'title': 'ç¡¬æ ¸ç§‘æ™® æ¶¨çŸ¥è¯†', 'cover': 'https://archive.biliimg.com/bfs/archive/b855f115bc4d6107a64d5ea7e6898cbd803544a6.jpg', 'mid': 495792263, 'intro': '', 'sign_state': 0, 'attribute': 140, 'stat': {'season_id': 227598, 'view': 12027656, 'danmaku': 77132, 'reply': 43366, 'favorite': 329754, 'coin': 224903, 'share': 210171, 'like': 682986, 'mtime': 1696823262, 'vt': 0, 'vv': 0}, 'ep_count': 32, 'first_aid': 766756398, 'ptime': 1675854000, 'ep_num': 32}",0,0,,False,0,0
309,201,167168,http://i1.hdslb.com/bfs/archive/e98f017426ee2383e9796ecf48d92734d13d50b2.jpg,,-,1,ä¸ºä»€ä¹ˆç¡è§‰æ—¶èº«ä½“çªç„¶ä¸€æƒŠï¼ï¼Ÿç«Ÿç„¶é¢„ç¤ºç€ã€‚ã€‚ã€‚ã€‚,0,nagiçœŸçš„å¾ˆæ–‡é™,495792263,1662114220,08:34,554,515129363,BV11g411U7Tg,False,0,0,0,0,"{'id': 227598, 'title': 'ç¡¬æ ¸ç§‘æ™® æ¶¨çŸ¥è¯†', 'cover': 'https://archive.biliimg.com/bfs/archive/b855f115bc4d6107a64d5ea7e6898cbd803544a6.jpg', 'mid': 495792263, 'intro': '', 'sign_state': 0, 'attribute': 140, 'stat': {'season_id': 227598, 'view': 12027656, 'danmaku': 77132, 'reply': 43366, 'favorite': 329754, 'coin': 224903, 'share': 210171, 'like': 682986, 'mtime': 1696823262, 'vt': 0, 'vv': 0}, 'ep_count': 32, 'first_aid': 766756398, 'ptime': 1675854000, 'ep_num': 32}",0,0,,False,0,0
43,250,225189,http://i2.hdslb.com/bfs/archive/0b6d65ee3a6700a76f9727178e7f9a9894112491.jpg,,å’Œæˆ‘ä¸€èµ·æ²‰æµ¸å¼ä½“éªŒå¥³åŒ»ç”Ÿçš„å‘¨æœ«ç”Ÿæ´»ï½è¿ç»­ä¸Šç­25å¤©åçš„é—²æš‡æ—¶å…‰ï¼Œè¿«ä¸åŠå¾…æƒ³å’Œæœ‹å‹ä¸€èµ·äº«å—æ²¿é€”é£å…‰ï¼180+å‡€å‘³åº§èˆ±ï¼Œæ–°è½¦0æ°”å‘³ï½è½¦èº«æµçº¿æ„Ÿç§‘æŠ€æ„Ÿåè¶³ï¼â€œå†…å¤–å…¼ä¿®â€çš„å®è—è½¦ï½,1,ä¸Šæµ·å‘¨æœ«é€ƒç¦»vlogï½œå’Œå¥³åŒ»ç”Ÿè¿‡ä¸€å¤©ï¼,0,nagiçœŸçš„å¾ˆæ–‡é™,495792263,1661769000,06:29,59,387612395,BV1Fd4y1R7Vd,False,0,0,0,0,"{'id': 227773, 'title': 'æœºæ™ºçš„åŒ»ç”Ÿç”Ÿæ´»', 'cover': 'https://archive.biliimg.com/bfs/archive/b855f115bc4d6107a64d5ea7e6898cbd803544a6.jpg', 'mid': 495792263, 'intro': '', 'sign_state': 0, 'attribute': 140, 'stat': {'season_id': 227773, 'view': 3900238, 'danmaku': 18974, 'reply': 9516, 'favorite': 21758, 'coin': 22808, 'share': 7991, 'like': 145226, 'mtime': 1696823510, 'vt': 0, 'vv': 0}, 'ep_count': 11, 'first_aid': 850455929, 'ptime': 1676028836, 'ep_num': 11}",0,0,,False,0,0
510,201,173709,http://i0.hdslb.com/bfs/archive/aff6054c442a6c159e0aa5f736d3e05379f9704f.jpg,,åšåŒ»ç¾ä¹±è±¡è¿™ä¸ªç³»åˆ—çœŸçš„åšçš„æˆ‘ã€‚ã€‚ã€‚å¤§ä¸ºéœ‡æƒŠï¼Œæ²¡æœ‰æœ€ç¦»è°±åªæœ‰æ›´ç¦»è°±ï¼,1,æ˜¯è°è§„å®šäº†æˆ‘ä»¬ä¸­å›½å¥³äººä¸èƒ½æœ‰å‰¯ä¹³ï¼Ÿæˆ‘åˆå‘ç°äº†ä¸å¾—äº†çš„ä¸œè¥¿ï¼ï¼,0,nagiçœŸçš„å¾ˆæ–‡é™,495792263,1661509800,06:16,464,557482041,BV1qe4y1Z7zK,False,0,0,0,0,"{'id': 227598, 'title': 'ç¡¬æ ¸ç§‘æ™® æ¶¨çŸ¥è¯†', 'cover': 'https://archive.biliimg.com/bfs/archive/b855f115bc4d6107a64d5ea7e6898cbd803544a6.jpg', 'mid': 495792263, 'intro': '', 'sign_state': 0, 'attribute': 140, 'stat': {'season_id': 227598, 'view': 12027656, 'danmaku': 77132, 'reply': 43366, 'favorite': 329754, 'coin': 224903, 'share': 210171, 'like': 682986, 'mtime': 1696823262, 'vt': 0, 'vv': 0}, 'ep_count': 32, 'first_aid': 766756398, 'ptime': 1675854000, 'ep_num': 32}",0,0,,False,0,0
82,201,168877,http://i1.hdslb.com/bfs/archive/801336be51131beeb80335a76e83ad115d6cad40.jpg,,å¹³æ—¶çœ¼ç§‘æœ€å¸¸è§çš„é—®é¢˜å°±æ˜¯ç»“è†œç‚ï¼Œç‰¹åˆ«æ˜¯ç»å¸¸æˆ´ç¾ç³çš„uuä»¬ï¼Œè¿™ä¸ªè§†é¢‘ä¸€å®šè¦çœ‹å®Œï¼,1,çœ¼ç›çˆ±æµæ³ªï¼Ÿåˆçº¢åˆè‚¿ï¼Ÿå¸¸æˆ´ç¾ç³çš„çœ‹è¿‡æ¥ï¼ï¼,0,nagiçœŸçš„å¾ˆæ–‡é™,495792263,1661253300,04:15,143,217353082,BV1Ja411G7tT,False,0,0,0,0,"{'id': 227598, 'title': 'ç¡¬æ ¸ç§‘æ™® æ¶¨çŸ¥è¯†', 'cover': 'https://archive.biliimg.com/bfs/archive/b855f115bc4d6107a64d5ea7e6898cbd803544a6.jpg', 'mid': 495792263, 'intro': '', 'sign_state': 0, 'attribute': 140, 'stat': {'season_id': 227598, 'view': 12027656, 'danmaku': 77132, 'reply': 43366, 'favorite': 329754, 'coin': 224903, 'share': 210171, 'like': 682986, 'mtime': 1696823262, 'vt': 0, 'vv': 0}, 'ep_count': 32, 'first_aid': 766756398, 'ptime': 1675854000, 'ep_num': 32}",0,0,,False,0,0
266,154,178284,http://i1.hdslb.com/bfs/archive/52f106f3d5dd671427b98f1e47e6e904bbd828aa.jpg,,å¦‚ä½•å¹³è¡¡ç”Ÿæ´»å’Œå­¦ä¹ ï¼Ÿå…¶å®ç­”æ¡ˆçœŸçš„å¾ˆç®€å•â€¦å¸Œæœ›è¿™ä¸ªè§†é¢‘å¯ä»¥æ¿€åŠ±åˆ°æ­£åœ¨è¯•å›¾è¸å‡ºç¬¬ä¸€æ­¥çš„ä½ ï¼ï¼,1,åŒ»å­¦åšå£«å­¦èˆ3å¹´çš„å˜åŒ–ï¼Œå¦‚ä½•å¹³è¡¡ç”Ÿæ´»&å­¦ä¹ ï¼Ÿ,0,nagiçœŸçš„å¾ˆæ–‡é™,495792263,1659700074,08:52,129,386634423,BV13d4y1S7Tg,False,0,0,0,0,,0,0,,False,0,0
269,201,215325,http://i0.hdslb.com/bfs/archive/0127018feb3c78516b03b8f9a10f6617119bca42.jpg,,"åšé¥­éƒ½ç”¨ä»£ç³–ï¼ŸçœŸçš„æœ‰å¿…è¦å—ï¼Ÿä»£ç³–åœ¨æˆ‘ä»¬ç”Ÿæ´»ä¸­å·²ç»æ³›ç”¨äº†ï¼Œé‚£å“ªç§ä»£ç³–æœ€æœ‰ç›Šå‘¢ï¼Ÿè¯¥å¦‚ä½•é€‰æ‹©ä»£ç³–ï¼Ÿ
å…³äºä»£ç³–ä½ åº”è¯¥çŸ¥é“çš„ä¸€åˆ‡ã€œ",1,ä»£ç³–è¶…å…¨è§£æï½œå­¦ä¼šåƒç³–ï¼å‡è„‚äº‹åŠåŠŸå€,0,nagiçœŸçš„å¾ˆæ–‡é™,495792263,1659004200,08:19,2387,386327591,BV1Td4y1D78K,False,0,0,0,0,,0,0,,False,0,0
441,201,204635,http://i2.hdslb.com/bfs/archive/66133f0c3ff8e4c3f421fcc473696cab8bedd971.jpg,,å¤å¤©äº†ï¼Œå¾ˆå¤šuuä»¬éƒ½å¼€å§‹å‡è‚¥äº†ã€‚çœŸçš„çœŸçš„çœŸçš„ä¸è¦åƒå‡è‚¥è¯ï¼ï¼ï¼,1,æˆ‘å¥½åƒæŒ–åˆ°äº†ä¸€å‘¨ç˜¦20æ–¤çš„å‡è‚¥è¯ï¼ï¼ç»“æœç«Ÿç„¶.....,0,nagiçœŸçš„å¾ˆæ–‡é™,495792263,1658544743,09:55,512,856130845,BV1DV4y1J7vK,False,0,0,0,0,,0,0,,False,0,0
113,21,118822,http://i1.hdslb.com/bfs/archive/1f57e172832e5c929870795e1b74728dcdc6ff1d.jpg,,,1,154å¹´æ¥æœ€çƒ­çš„ä¸€å¤©æ‹¿å‘½å»è¿ªæ–¯å°¼å½•çš„vlog,0,nagiçœŸçš„å¾ˆæ–‡é™,495792263,1657881000,08:02,192,513435035,BV1Qg411f7C1,False,0,0,0,0,,0,0,,False,0,0
1910,201,501916,http://i1.hdslb.com/bfs/archive/1ddb0aaa25693216bcfbf1cac3b4d130f3557a24.jpg,,,1,ä»–ä¸ºäº†é•¿åˆ°180ï¼Œä¸æƒœæŠŠè…¿æ‰“æ–­ï¼Œç»“æœç«Ÿç„¶ã€‚ã€‚ã€‚ã€‚,0,nagiçœŸçš„å¾ˆæ–‡é™,495792263,1657275608,07:44,2951,343170289,BV1W94y1X7N9,False,0,0,0,0,"{'id': 227590, 'title': 'å¥‡è‘©åŒ»ç¾å¤§åæ§½', 'cover': 'https://archive.biliimg.com/bfs/archive/1615fb8f17737467d8a287c87ea374040c4989ab.jpg', 'mid': 495792263, 'intro': '', 'sign_state': 0, 'attribute': 140, 'stat': {'season_id': 227590, 'view': 6732544, 'danmaku': 33189, 'reply': 20182, 'favorite': 41253, 'coin': 70326, 'share': 18386, 'like': 365462, 'mtime': 1696823329, 'vt': 0, 'vv': 0}, 'ep_count': 11, 'first_aid': 851053757, 'ptime': 1681469100, 'ep_num': 11}",0,0,,False,0,0
1121,208,242266,http://i2.hdslb.com/bfs/archive/0d919e01b0d818af7b5c695645167f4e80a5bf5f.jpg,,"æƒ³å¿…å±å¹•å‰çš„å‡†å¤§å­¦ç”Ÿä»¬å·²ç»è‡ªæˆ‘æ”¾é£äº†ä¸€æ®µæ—¶é—´äº†ï¼Œé©¬ä¸Šå°±è¦å¡«æŠ¥å¿—æ„¿äº†ã€‚
åœ¨è¿™é‡Œæˆ‘å…ˆé¢„ç¥æ‰€æœ‰é«˜ä¸‰çš„å®å­ä»¬å¿ƒæƒ³äº‹æˆï¼éƒ½èƒ½é€‰åˆ°è‡ªå·±å–œæ¬¢çš„ä¸“ä¸šå’Œå¤§å­¦ï¼",1,ä¸´åºŠåŒ»å­¦ç«Ÿæˆæœ€çƒ­é—¨ä¸“ä¸šï¼Ÿï¼å­¦å¼Ÿå­¦å¦¹ï¼Œå¿«é€ƒâ€¦â€¦,0,nagiçœŸçš„å¾ˆæ–‡é™,495792263,1656496852,08:15,586,512945544,BV1k3411w7C3,False,0,0,0,0,,0,0,,False,0,0
483,201,195608,http://i2.hdslb.com/bfs/archive/0f94eb1931c812b1f09c44ceb841691eb731965b.jpg,,"å…³äºç‹è‡­ æˆ‘çœŸçš„è¦æ‰“ç ´ä¸€ä¸ªä¼ ç»Ÿè§‚å¿µï¼ï¼
å°±åƒç¾å°‘å¥³ä¹Ÿä¼šæ‹‰å±ï¼Œçˆ±è±†ä¹Ÿä¼šæ”¾å±ä¸€æ ·...
ç‹è‡­å½¢æˆåŸå› å’Œè§£å†³æ–¹æ³•ç»™ä½ ä»¬æ•´ç†å¥½å•¦ï¼",1,å¤å¤©è…‹ä¸‹æœ‰å¼‚å‘³ï¼Ÿï¼Ÿå…¶æœ‰ç‹è‡­æ‰â€œæ­£å¸¸â€,0,nagiçœŸçš„å¾ˆæ–‡é™,495792263,1656063803,07:57,479,257826161,BV19Y411N7BS,False,0,0,0,0,,0,0,,False,0,0
386,201,137147,http://i0.hdslb.com/bfs/archive/47be30b49b2ab55a8b8f2462d0c75fa2ecbc4046.jpg,,"ã€è™½ç„¶ä½ åï¼Œä½†å¹¸äºä½ è ¢ï¼ã€‘
äººæ¸£çš„çŠ¯ç½ªå·¥å…·ï¼Œå®é™…ä¸Šå´æ˜¯ã€‚ã€‚ã€‚",1,ç½‘è´­å°±èƒ½ä¹°åˆ°çš„å¥³ç”Ÿè¿·jianè¯ï¼Ÿï¼åˆ°åº•æ˜¯ä¸ªå•¥â€¦..,0,nagiçœŸçš„å¾ˆæ–‡é™,495792263,1655461799,07:24,376,385067042,BV1fZ4y1q7Qe,False,0,0,0,0,"{'id': 227598, 'title': 'ç¡¬æ ¸ç§‘æ™® æ¶¨çŸ¥è¯†', 'cover': 'https://archive.biliimg.com/bfs/archive/b855f115bc4d6107a64d5ea7e6898cbd803544a6.jpg', 'mid': 495792263, 'intro': '', 'sign_state': 0, 'attribute': 140, 'stat': {'season_id': 227598, 'view': 12027656, 'danmaku': 77132, 'reply': 43366, 'favorite': 329754, 'coin': 224903, 'share': 210171, 'like': 682986, 'mtime': 1696823262, 'vt': 0, 'vv': 0}, 'ep_count': 32, 'first_aid': 766756398, 'ptime': 1675854000, 'ep_num': 32}",0,0,,False,0,0
700,21,274723,http://i0.hdslb.com/bfs/archive/88bc8b83be2fc44d5750f40503cfe2dfe84bd4e7.jpg,,ä¸€äº›æœ¬è¯¥æœ€ç›¸ä¿¡ç§‘å­¦çš„äººå±…ç„¶ä¹Ÿä¼šæè¿·ä¿¡ã€‚ã€‚ã€‚ã€‚,1,è®ºåŒ»ç”Ÿèƒ½å¤šå°å»ºmiä¿¡ï¼Ÿæ€ä¹ˆåšåˆ°å…¨å›½ç»Ÿä¸€çš„ã€‚ã€‚ã€‚ã€‚,0,nagiçœŸçš„å¾ˆæ–‡é™,495792263,1655013693,08:47,1833,769941117,BV1Tr4y137rw,False,0,0,0,0,,0,0,,False,0,0
207,21,164726,http://i2.hdslb.com/bfs/archive/6ccfa485ba9c9367948631463dabeee9c8a29014.jpg,,æ¢æ±¤ä¸æ¢è¯ï¼Œåªæ˜¯åœ¨åŒ…è£…ä¸Šæ›´æ–°å‡çº§äº†ï¼Œå´å¤§æ‰“ä»·æ ¼å·®ï¼Ÿè¿™æ ·çš„è¡Œä¸ºçœŸæ˜¯ã€‚ã€‚ã€‚ã€‚ã€‚,1,ã€ç²‰çº¢ç¨ã€‘æ­¢ç—›è¯æ¢ä¸ªç²‰è‰²åŒ…è£…ä»·æ ¼ä¸Šæ¶¨å¿«1å€ï¼Ÿï¼Ÿå¥³ç”Ÿçš„é’±å¾ˆå¥½éª—å—ï¼Ÿï¼Ÿï¼Ÿï¼ï¼,0,nagiçœŸçš„å¾ˆæ–‡é™,495792263,1654411201,05:27,104,684732592,BV16U4y1973c,False,0,0,0,0,,0,0,,False,0,0
216,201,162051,http://i2.hdslb.com/bfs/archive/c15a8d544b0aaf1fed5c92de466ab91f888cb1a9.jpg,,å¥½å¤šå¥³ç”Ÿéƒ½å¯¹å§¨å¦ˆæœŸè¿åŠ¨æœ‰è®¤çŸ¥ä¸Šçš„è¯¯åŒºï¼Œå…¶å®å§¨å¦ˆè¿åŠ¨å¯ä»¥ç¼“è§£ç—›ç»ã€æŠ‘åˆ¶é£Ÿæ¬²...,1,è®¤çŸ¥è¯¯åŒºï¼å§¨å¦ˆæœŸå±…ç„¶è¿åŠ¨å¯ä»¥ç¼“è§£ç—›ç»ï¼ï¼Ÿå¥½å¤„é‚£ä¹ˆå¤š...,0,nagiçœŸçš„å¾ˆæ–‡é™,495792263,1654250400,09:33,424,299681213,BV1eF411G7HY,False,0,0,0,0,"{'id': 227598, 'title': 'ç¡¬æ ¸ç§‘æ™® æ¶¨çŸ¥è¯†', 'cover': 'https://archive.biliimg.com/bfs/archive/b855f115bc4d6107a64d5ea7e6898cbd803544a6.jpg', 'mid': 495792263, 'intro': '', 'sign_state': 0, 'attribute': 140, 'stat': {'season_id': 227598, 'view': 12027656, 'danmaku': 77132, 'reply': 43366, 'favorite': 329754, 'coin': 224903, 'share': 210171, 'like': 682986, 'mtime': 1696823262, 'vt': 0, 'vv': 0}, 'ep_count': 32, 'first_aid': 766756398, 'ptime': 1675854000, 'ep_num': 32}",0,0,,False,0,0
293,157,368610,http://i2.hdslb.com/bfs/archive/099ce2c6e3c9e9f552e0d4ba9b21168775cb6381.jpg,,æè´¨éƒ½æ˜¯å‡çš„...è¿˜æœ‰ä»€ä¹ˆæ˜¯çœŸçš„,1,æ›å…‰ç³ä»£éª—å±€ï¼ä¸€æŸ¥å“ä¸€è·³ï¼Œæè´¨éƒ½æ˜¯å‡çš„ï¼Ÿï¼Ÿï¼Ÿ,0,nagiçœŸçš„å¾ˆæ–‡é™,495792263,1653645600,10:06,632,726899604,BV1mS4y1z73u,False,0,0,0,0,"{'id': 227598, 'title': 'ç¡¬æ ¸ç§‘æ™® æ¶¨çŸ¥è¯†', 'cover': 'https://archive.biliimg.com/bfs/archive/b855f115bc4d6107a64d5ea7e6898cbd803544a6.jpg', 'mid': 495792263, 'intro': '', 'sign_state': 0, 'attribute': 140, 'stat': {'season_id': 227598, 'view': 12027656, 'danmaku': 77132, 'reply': 43366, 'favorite': 329754, 'coin': 224903, 'share': 210171, 'like': 682986, 'mtime': 1696823262, 'vt': 0, 'vv': 0}, 'ep_count': 32, 'first_aid': 766756398, 'ptime': 1675854000, 'ep_num': 32}",0,0,,False,0,0
1758,138,897951,http://i1.hdslb.com/bfs/archive/368ca74edf19e06bf6d38a61732622137b936c52.jpg,,å‡Œæ™¨æ€¥è¯Šå®¤ï¼Œè¿ç»­ä¸‰ä¸ªç”·å¯¹æˆ‘xéªšæ‰°ã€‚ã€‚ã€‚çœŸçš„ä¼šè°¢ï¼ï¼,1,å‡Œæ™¨æ€¥è¯Šå¤œï¼Œè¿ç»­3ä¸ªç”·æ‚£è€…å¯¹æˆ‘xéªšæ‰°ã€‚ã€‚ã€‚ã€‚,0,nagiçœŸçš„å¾ˆæ–‡é™,495792263,1653112838,09:51,4210,939268501,BV1gT4y1q7sK,False,0,0,0,0,,0,0,,False,0,0
1125,201,554223,http://i0.hdslb.com/bfs/archive/23c3a0eb84c3345df1a7371b2c9681a98b83b5ce.jpg,,,1,ç»æœŸå¯ä»¥ä¸ºçˆ±é¼“æŒå—ï¼Ÿè¿™3ä¸ªè¯¯åŒºä½ ä¸­è¿‡å‡ ä¸ªï¼Ÿ,0,nagiçœŸçš„å¾ˆæ–‡é™,495792263,1652869500,07:32,578,726633733,BV1HS4y187P4,False,0,0,0,0,"{'id': 227598, 'title': 'ç¡¬æ ¸ç§‘æ™® æ¶¨çŸ¥è¯†', 'cover': 'https://archive.biliimg.com/bfs/archive/b855f115bc4d6107a64d5ea7e6898cbd803544a6.jpg', 'mid': 495792263, 'intro': '', 'sign_state': 0, 'attribute': 140, 'stat': {'season_id': 227598, 'view': 12027656, 'danmaku': 77132, 'reply': 43366, 'favorite': 329754, 'coin': 224903, 'share': 210171, 'like': 682986, 'mtime': 1696823262, 'vt': 0, 'vv': 0}, 'ep_count': 32, 'first_aid': 766756398, 'ptime': 1675854000, 'ep_num': 32}",0,0,,False,0,0
298,201,150738,http://i1.hdslb.com/bfs/archive/003b71eade57b83db2d4fc7e6b67dbc5a8eecdb8.jpg,,-,1,ç”µå­äº§å“ä¼¤çœ¼ç›ï¼Ÿæˆ´é˜²è“å…‰çœ¼é•œæœ‰ç”¨å—ï¼Ÿ,0,nagiçœŸçš„å¾ˆæ–‡é™,495792263,1651917631,04:13,221,641372258,BV1zY4y1b7e6,False,0,0,0,0,"{'id': 227598, 'title': 'ç¡¬æ ¸ç§‘æ™® æ¶¨çŸ¥è¯†', 'cover': 'https://archive.biliimg.com/bfs/archive/b855f115bc4d6107a64d5ea7e6898cbd803544a6.jpg', 'mid': 495792263, 'intro': '', 'sign_state': 0, 'attribute': 140, 'stat': {'season_id': 227598, 'view': 12027656, 'danmaku': 77132, 'reply': 43366, 'favorite': 329754, 'coin': 224903, 'share': 210171, 'like': 682986, 'mtime': 1696823262, 'vt': 0, 'vv': 0}, 'ep_count': 32, 'first_aid': 766756398, 'ptime': 1675854000, 'ep_num': 32}",0,0,,False,0,0
742,201,309078,http://i0.hdslb.com/bfs/archive/115c0bcb596e91f3684ff9bd7286da7fbfd92b3c.jpg,,åˆ˜ç•Šå®å¥³å­©ä»¬ä¸€å®šè¦çœ‹ï¼å‰§çƒˆè¿åŠ¨çœŸä¼šå¯¼è‡´é»„ä½“ç ´è£‚ï¼Ÿ,1,é»„ä½“ç ´è£‚é™©ä¸¢å‘½ï¼è¿™äº‹çœŸæ€ªæ¯½å­æ“ï¼Ÿï¼Ÿ,0,nagiçœŸçš„å¾ˆæ–‡é™,495792263,1651555230,09:20,1875,981188043,BV1e44y137zs,False,0,0,0,0,"{'id': 227598, 'title': 'ç¡¬æ ¸ç§‘æ™® æ¶¨çŸ¥è¯†', 'cover': 'https://archive.biliimg.com/bfs/archive/b855f115bc4d6107a64d5ea7e6898cbd803544a6.jpg', 'mid': 495792263, 'intro': '', 'sign_state': 0, 'attribute': 140, 'stat': {'season_id': 227598, 'view': 12027656, 'danmaku': 77132, 'reply': 43366, 'favorite': 329754, 'coin': 224903, 'share': 210171, 'like': 682986, 'mtime': 1696823262, 'vt': 0, 'vv': 0}, 'ep_count': 32, 'first_aid': 766756398, 'ptime': 1675854000, 'ep_num': 32}",0,0,,False,0,0
626,201,240147,http://i0.hdslb.com/bfs/archive/b3ab60ca285ce6385158a8db0e87fc5e3c867151.jpg,,-,1,åŠå¹´ç½‘è¯¾åï¼Œæ„Ÿè§‰çœ¼ç›å¿«åºŸäº†ï¼Ÿä½ å¾—äº†è¿™ä¸ªç—….....ï¼,0,nagiçœŸçš„å¾ˆæ–‡é™,495792263,1651233593,06:55,598,298619399,BV1EF411T7uQ,False,0,0,0,0,"{'id': 227598, 'title': 'ç¡¬æ ¸ç§‘æ™® æ¶¨çŸ¥è¯†', 'cover': 'https://archive.biliimg.com/bfs/archive/b855f115bc4d6107a64d5ea7e6898cbd803544a6.jpg', 'mid': 495792263, 'intro': '', 'sign_state': 0, 'attribute': 140, 'stat': {'season_id': 227598, 'view': 12027656, 'danmaku': 77132, 'reply': 43366, 'favorite': 329754, 'coin': 224903, 'share': 210171, 'like': 682986, 'mtime': 1696823262, 'vt': 0, 'vv': 0}, 'ep_count': 32, 'first_aid': 766756398, 'ptime': 1675854000, 'ep_num': 32}",0,0,,False,0,0
145,201,153255,http://i1.hdslb.com/bfs/archive/2bfa6384f0003f2cb20a4e53e1445faa9871feab.jpg,,,1,åˆ·é…¸åˆåŒå’å‡ºäº‹äº†ï¼ï¼ŸåŒ»å­¦åšå£«ç§‘æ™®åˆ·é…¸åŸç†ï¼,0,nagiçœŸçš„å¾ˆæ–‡é™,495792263,1650709013,09:22,162,510917167,BV1Su411y7fw,False,0,0,0,0,"{'id': 227598, 'title': 'ç¡¬æ ¸ç§‘æ™® æ¶¨çŸ¥è¯†', 'cover': 'https://archive.biliimg.com/bfs/archive/b855f115bc4d6107a64d5ea7e6898cbd803544a6.jpg', 'mid': 495792263, 'intro': '', 'sign_state': 0, 'attribute': 140, 'stat': {'season_id': 227598, 'view': 12027656, 'danmaku': 77132, 'reply': 43366, 'favorite': 329754, 'coin': 224903, 'share': 210171, 'like': 682986, 'mtime': 1696823262, 'vt': 0, 'vv': 0}, 'ep_count': 32, 'first_aid': 766756398, 'ptime': 1675854000, 'ep_num': 32}",0,0,,False,0,0
514,208,205596,http://i2.hdslb.com/bfs/archive/942e692788f4ab72a6809dd85b8c4f632a02ae36.jpg,,-,1,äº¤å¤§åšå£«åè¡€åˆ†äº«ï¼å†é€‰åˆ°åƒåœ¾å¯¼å¸ˆç®—æˆ‘è¾“,0,nagiçœŸçš„å¾ˆæ–‡é™,495792263,1650189002,10:35,465,640811991,BV1uY4y1a7Bm,False,0,0,0,0,"{'id': 227598, 'title': 'ç¡¬æ ¸ç§‘æ™® æ¶¨çŸ¥è¯†', 'cover': 'https://archive.biliimg.com/bfs/archive/b855f115bc4d6107a64d5ea7e6898cbd803544a6.jpg', 'mid': 495792263, 'intro': '', 'sign_state': 0, 'attribute': 140, 'stat': {'season_id': 227598, 'view': 12027656, 'danmaku': 77132, 'reply': 43366, 'favorite': 329754, 'coin': 224903, 'share': 210171, 'like': 682986, 'mtime': 1696823262, 'vt': 0, 'vv': 0}, 'ep_count': 32, 'first_aid': 766756398, 'ptime': 1675854000, 'ep_num': 32}",0,0,,False,0,0
348,201,161230,http://i1.hdslb.com/bfs/archive/46622f8e8e45ede114267a8959a469856f45b1b2.jpg,,-,1,æˆ‘ä»¬ä¸€ç”Ÿè¦å¼ºçš„ä¸­å›½å¥³äººåˆ°åº•é€‚åˆå“ªç§hpvç–«è‹—ï¼Ÿ,0,nagiçœŸçš„å¾ˆæ–‡é™,495792263,1649931897,07:17,165,725657523,BV1xS4y1Y7eg,False,0,0,0,0,"{'id': 227598, 'title': 'ç¡¬æ ¸ç§‘æ™® æ¶¨çŸ¥è¯†', 'cover': 'https://archive.biliimg.com/bfs/archive/b855f115bc4d6107a64d5ea7e6898cbd803544a6.jpg', 'mid': 495792263, 'intro': '', 'sign_state': 0, 'attribute': 140, 'stat': {'season_id': 227598, 'view': 12027656, 'danmaku': 77132, 'reply': 43366, 'favorite': 329754, 'coin': 224903, 'share': 210171, 'like': 682986, 'mtime': 1696823262, 'vt': 0, 'vv': 0}, 'ep_count': 32, 'first_aid': 766756398, 'ptime': 1675854000, 'ep_num': 32}",0,0,,False,0,0
467,201,156811,http://i1.hdslb.com/bfs/archive/b4b16c5fbaaaebac94dd2aae01826a30c4bcc48c.jpg,,-,1,åº¦æ•°è¶Šæ¥è¶Šæ·±ï¼Œå†ä¸ç»™çœ¼ç›åšä¸ªä½“æ£€å°±æ™šäº†â€¦â€¦,0,nagiçœŸçš„å¾ˆæ–‡é™,495792263,1649047273,08:05,211,510304278,BV1hu411i7wx,False,0,0,0,0,,0,0,,False,0,0
186,201,147892,http://i0.hdslb.com/bfs/archive/0058e8553a3d0e696256d653b787e0a3b2cc7978.jpg,,æ°›å›´ç¯çœŸçš„æœ‰è‡´ç›²é£é™©ï¼Œè¿™ä¸æ˜¯å±è¨€è€¸å¬ï¼åœ¨è¿™ä¹‹å‰æˆ‘ä¹Ÿä¸çŸ¥é“æ°›å›´ç¯çš„å±å®³å±…ç„¶è¿™ä¹ˆå¤§ï¼Œæˆ‘åšäº†å¾ˆå¤šç›¸å…³ç ”ç©¶ï¼Œå§å¦¹ä»¬ä¸€å®šè¦çœ‹ï¼å±é™©å°±åœ¨èº«è¾¹,1,äººæ‰‹ä¸€ä¸ªçš„æ°›å›´ç¯å±…ç„¶èƒ½è‡´ç›²ï¼ï¼Ÿ,0,nagiçœŸçš„å¾ˆæ–‡é™,495792263,1648808100,09:08,413,852795048,BV1kL4y1L7ix,False,0,0,0,0,"{'id': 227598, 'title': 'ç¡¬æ ¸ç§‘æ™® æ¶¨çŸ¥è¯†', 'cover': 'https://archive.biliimg.com/bfs/archive/b855f115bc4d6107a64d5ea7e6898cbd803544a6.jpg', 'mid': 495792263, 'intro': '', 'sign_state': 0, 'attribute': 140, 'stat': {'season_id': 227598, 'view': 12027656, 'danmaku': 77132, 'reply': 43366, 'favorite': 329754, 'coin': 224903, 'share': 210171, 'like': 682986, 'mtime': 1696823262, 'vt': 0, 'vv': 0}, 'ep_count': 32, 'first_aid': 766756398, 'ptime': 1675854000, 'ep_num': 32}",0,0,,False,0,0
656,201,314305,http://i1.hdslb.com/bfs/archive/6b46e8b7443e66758353906e38d2602ff793b600.jpg,,,1,å¹²äº†è¿™æ¯æ°´æœé…’ï¼ŒICUé‡Œèµ°ä¸€èµ°ã€‚ã€‚ã€‚,0,nagiçœŸçš„å¾ˆæ–‡é™,495792263,1645614008,06:35,679,766756398,BV18r4y1r7yA,False,0,0,0,0,"{'id': 227598, 'title': 'ç¡¬æ ¸ç§‘æ™® æ¶¨çŸ¥è¯†', 'cover': 'https://archive.biliimg.com/bfs/archive/b855f115bc4d6107a64d5ea7e6898cbd803544a6.jpg', 'mid': 495792263, 'intro': '', 'sign_state': 0, 'attribute': 140, 'stat': {'season_id': 227598, 'view': 12027656, 'danmaku': 77132, 'reply': 43366, 'favorite': 329754, 'coin': 224903, 'share': 210171, 'like': 682986, 'mtime': 1696823262, 'vt': 0, 'vv': 0}, 'ep_count': 32, 'first_aid': 766756398, 'ptime': 1675854000, 'ep_num': 32}",0,0,,False,0,0
414,201,175553,http://i0.hdslb.com/bfs/archive/e6adf2a8e8996811f61a61b9e2765e5bd43a819f.jpg,,-,1,3ç‚¹ç¡è§‰6ç‚¹èµ·ï¼ŒICUé‡Œå–å°ç±³ã€‚ã€‚ã€‚,0,nagiçœŸçš„å¾ˆæ–‡é™,495792263,1645180210,07:38,1394,809170276,BV1234y1C7Zt,False,0,0,0,0,,0,0,,False,0,0
42,21,114807,http://i1.hdslb.com/bfs/archive/c06fa1c7fb90fdc5f14b3857e5f4fd7fc5b99f14.jpg,,,1,å¢©å¢©vlogï½œå’Œç½‘ç»œå¹²å¦ˆä»¬æ±‡æŠ¥ä¸€ä¸‹å°çŒªçš„å¹¸ç¦ç”Ÿæ´»ï¼æ–°å¹´å¿«ä¹ï½,0,nagiçœŸçš„å¾ˆæ–‡é™,495792263,1644058810,04:47,56,508833953,BV1uu41197eG,False,0,0,0,0,,0,0,,False,0,0
1652,201,752704,http://i0.hdslb.com/bfs/archive/0645827800ec2959a8389767102702c048337ff0.jpg,,-,1,ä¸åŠ¨åˆ€ï¼Œä¸æˆ´éšå½¢ï¼Œè§†åŠ›æ¢å¤1.0ï¼Ÿ,0,nagiçœŸçš„å¾ˆæ–‡é™,495792263,1643799600,11:22,1125,381127117,BV1KZ4y1f7Jr,False,0,0,0,0,"{'id': 227598, 'title': 'ç¡¬æ ¸ç§‘æ™® æ¶¨çŸ¥è¯†', 'cover': 'https://archive.biliimg.com/bfs/archive/b855f115bc4d6107a64d5ea7e6898cbd803544a6.jpg', 'mid': 495792263, 'intro': '', 'sign_state': 0, 'attribute': 140, 'stat': {'season_id': 227598, 'view': 12027656, 'danmaku': 77132, 'reply': 43366, 'favorite': 329754, 'coin': 224903, 'share': 210171, 'like': 682986, 'mtime': 1696823262, 'vt': 0, 'vv': 0}, 'ep_count': 32, 'first_aid': 766756398, 'ptime': 1675854000, 'ep_num': 32}",0,0,,False,0,0
1509,201,533452,http://i1.hdslb.com/bfs/archive/758f71d94f48b06403ab7183ffca5e160d8772c4.jpg,,,1,ç¾å¥³ä¸ºäº†é«˜é¢…é¡¶ï¼Œç«Ÿç„¶åœ¨è„‘å£³å¡«æ°´æ³¥ï¼Ÿ,0,nagiçœŸçš„å¾ˆæ–‡é™,495792263,1643454016,07:25,4668,851053757,BV1vL4y1x7dC,False,0,0,0,0,"{'id': 227590, 'title': 'å¥‡è‘©åŒ»ç¾å¤§åæ§½', 'cover': 'https://archive.biliimg.com/bfs/archive/1615fb8f17737467d8a287c87ea374040c4989ab.jpg', 'mid': 495792263, 'intro': '', 'sign_state': 0, 'attribute': 140, 'stat': {'season_id': 227590, 'view': 6732544, 'danmaku': 33189, 'reply': 20182, 'favorite': 41253, 'coin': 70326, 'share': 18386, 'like': 365462, 'mtime': 1696823329, 'vt': 0, 'vv': 0}, 'ep_count': 11, 'first_aid': 851053757, 'ptime': 1681469100, 'ep_num': 11}",0,0,,False,0,0
610,201,166920,http://i1.hdslb.com/bfs/archive/8055ea7c08f0f23f5e4738716e68dfcd7b5779c5.jpg,,,1,å¥³ç½‘çº¢ä¸ºäº†ä¿å…»ï¼Œåšç§å¯†æ•´å½¢ï¼Ÿæ­£ç»ç§‘æ™®ï¼ŒåŒ»ç¾ä¹±è±¡ï¼,0,nagiçœŸçš„å¾ˆæ–‡é™,495792263,1643194808,09:06,2404,380972936,BV17Z4y1Z7dJ,False,0,0,0,0,"{'id': 227590, 'title': 'å¥‡è‘©åŒ»ç¾å¤§åæ§½', 'cover': 'https://archive.biliimg.com/bfs/archive/1615fb8f17737467d8a287c87ea374040c4989ab.jpg', 'mid': 495792263, 'intro': '', 'sign_state': 0, 'attribute': 140, 'stat': {'season_id': 227590, 'view': 6732544, 'danmaku': 33189, 'reply': 20182, 'favorite': 41253, 'coin': 70326, 'share': 18386, 'like': 365462, 'mtime': 1696823329, 'vt': 0, 'vv': 0}, 'ep_count': 11, 'first_aid': 851053757, 'ptime': 1681469100, 'ep_num': 11}",0,0,,False,0,0
3520,201,1519137,http://i1.hdslb.com/bfs/archive/05b46872c79b00730c66e76ab462b887ebb3e2ef.jpg,,,1,åšäº†ç²¾çµè€³ï¼Œçš®è‚¤åæ­»ï¼Œçœ¼ç›å¤±æ˜ã€‚ã€‚ã€‚,0,nagiçœŸçš„å¾ˆæ–‡é™,495792263,1642849212,06:24,5255,508258385,BV1Ju411m7r5,False,0,0,0,0,"{'id': 227590, 'title': 'å¥‡è‘©åŒ»ç¾å¤§åæ§½', 'cover': 'https://archive.biliimg.com/bfs/archive/1615fb8f17737467d8a287c87ea374040c4989ab.jpg', 'mid': 495792263, 'intro': '', 'sign_state': 0, 'attribute': 140, 'stat': {'season_id': 227590, 'view': 6732544, 'danmaku': 33189, 'reply': 20182, 'favorite': 41253, 'coin': 70326, 'share': 18386, 'like': 365462, 'mtime': 1696823329, 'vt': 0, 'vv': 0}, 'ep_count': 11, 'first_aid': 851053757, 'ptime': 1681469100, 'ep_num': 11}",0,0,,False,0,0
221,209,125822,http://i0.hdslb.com/bfs/archive/13cbd7d0233d8b8c85e053bbc84335a22f726511.jpg,,,1,çœ‹å®Œoffer3ï¼Œé‡åˆ°æ‚£è€…å› é’±æ”¾å¼ƒæ²»ç–—ï¼Œè¿™æ¬¡æˆ‘æ²¡å¦¥åâ€¦â€¦,0,nagiçœŸçš„å¾ˆæ–‡é™,495792263,1642158608,27:17,658,550649790,BV1xq4y1A7G7,False,0,0,0,0,,0,0,,False,0,0
110,209,155894,http://i2.hdslb.com/bfs/archive/923cb9390d6fd02245981f69644455aa2c7d1d05.jpg,,,1,ã€offer3 reactionã€‘çœŸå®çš„æ€¥è¯Šå®¤æ›´å¯æ€•ï¼Ÿå¼ æ´½æ„éš¾å¹³ï¼æ€¥è¯Šreactionï¼ˆä¸Šï¼‰,0,nagiçœŸçš„å¾ˆæ–‡é™,495792263,1641985605,23:52,432,210512002,BV1pa411q7eo,False,0,0,0,0,,0,0,,False,0,0
384,209,235901,http://i2.hdslb.com/bfs/archive/7c3b810480a10ad03d4a2914b4202f0ab9f42b06.jpg,,,1,ã€Offer3ã€‘ä¸ºä»€ä¹ˆåŒ»å­¦ç”Ÿéƒ½å–œæ¬¢åˆ˜ç•…ï¼Ÿå­¦éœ¸æ€¥è¯Šæ»‘é“å¢ï¼Ÿåˆ˜ç•…reactionç¬¬ä¸€æœŸ,0,nagiçœŸçš„å¾ˆæ–‡é™,495792263,1641553200,21:55,565,850455929,BV1yL4y1t7Vb,False,0,0,0,0,"{'id': 227773, 'title': 'æœºæ™ºçš„åŒ»ç”Ÿç”Ÿæ´»', 'cover': 'https://archive.biliimg.com/bfs/archive/b855f115bc4d6107a64d5ea7e6898cbd803544a6.jpg', 'mid': 495792263, 'intro': '', 'sign_state': 0, 'attribute': 140, 'stat': {'season_id': 227773, 'view': 3900238, 'danmaku': 18974, 'reply': 9516, 'favorite': 21758, 'coin': 22808, 'share': 7991, 'like': 145226, 'mtime': 1696823510, 'vt': 0, 'vv': 0}, 'ep_count': 11, 'first_aid': 850455929, 'ptime': 1676028836, 'ep_num': 11}",0,0,,False,0,0
404,209,381542,http://i2.hdslb.com/bfs/archive/437f05f8c2ec7f66c739620bac987a11942e81ef.jpg,,,1,æˆ‘å±…ç„¶çœŸçš„è¿çº¿åˆ°äº†åˆ˜ç•…ï¼offer3ç¥å¤–ä¸‰å­ç§ä¸‹å±…ç„¶ï¼Ÿè¿˜æœ‰å­¦ä¹ æ–¹æ³•ç°åœºä¼ æˆï¼,0,nagiçœŸçš„å¾ˆæ–‡é™,495792263,1641009603,23:37,954,380371510,BV1XZ4y1U7nc,False,0,0,0,0,"{'id': 227773, 'title': 'æœºæ™ºçš„åŒ»ç”Ÿç”Ÿæ´»', 'cover': 'https://archive.biliimg.com/bfs/archive/b855f115bc4d6107a64d5ea7e6898cbd803544a6.jpg', 'mid': 495792263, 'intro': '', 'sign_state': 0, 'attribute': 140, 'stat': {'season_id': 227773, 'view': 3900238, 'danmaku': 18974, 'reply': 9516, 'favorite': 21758, 'coin': 22808, 'share': 7991, 'like': 145226, 'mtime': 1696823510, 'vt': 0, 'vv': 0}, 'ep_count': 11, 'first_aid': 850455929, 'ptime': 1676028836, 'ep_num': 11}",0,0,,False,0,0
214,201,136424,http://i0.hdslb.com/bfs/archive/e8b1dad651d9de4011961eea8a544988b4008f7a.jpg,,,1,ã€åŒ»å­¦åšå£«ã€‘åƒè¤ªé»‘ç´ è¿›æ€¥è¯Šï¼Ÿæ™ºå•†ç¨è¿˜æ˜¯æœ‰å¥‡æ•ˆï¼Ÿ,0,nagiçœŸçš„å¾ˆæ–‡é™,495792263,1640343610,03:35,84,380078793,BV1CZ4y1X7kM,False,0,0,0,0,"{'id': 227598, 'title': 'ç¡¬æ ¸ç§‘æ™® æ¶¨çŸ¥è¯†', 'cover': 'https://archive.biliimg.com/bfs/archive/b855f115bc4d6107a64d5ea7e6898cbd803544a6.jpg', 'mid': 495792263, 'intro': '', 'sign_state': 0, 'attribute': 140, 'stat': {'season_id': 227598, 'view': 12027656, 'danmaku': 77132, 'reply': 43366, 'favorite': 329754, 'coin': 224903, 'share': 210171, 'like': 682986, 'mtime': 1696823262, 'vt': 0, 'vv': 0}, 'ep_count': 32, 'first_aid': 766756398, 'ptime': 1675854000, 'ep_num': 32}",0,0,,False,0,0
452,201,152061,http://i0.hdslb.com/bfs/archive/db43f842095a068bf42752dc4a92e7cfc5659012.jpg,,æœ¬æœŸæœ‰è®²åˆ°åŸå‘æ€§ç—›ç»å’Œç»§å‘æ€§ç—›ç»éƒ½ä¼šç”¨åˆ°çš„æ²»ç–—æ–¹æ¡ˆï¼Œä¹Ÿå°±æ˜¯è˜æ™®ç”Ÿè¿™ä¸ªæˆåˆ†ï¼Œä½ ä»¬å¯ä»¥æ‹–åˆ°æ²»ç–—é‡Œé¢çœ‹çœ‹,1,ã€åŒ»å­¦åšå£«ã€‘ç—›ç»å±…ç„¶è¦å¼€åˆ€æ‰èƒ½å¥½ï¼Ÿï¼ç—›åˆ°æ‰“æ­¢ç—›é’ˆæ˜¯å› ä¸ºå®«å¯’ï¼Ÿ,0,nagiçœŸçš„å¾ˆæ–‡é™,495792263,1639737016,07:33,335,294999391,BV1oF411q7Fr,False,0,0,0,0,"{'id': 227598, 'title': 'ç¡¬æ ¸ç§‘æ™® æ¶¨çŸ¥è¯†', 'cover': 'https://archive.biliimg.com/bfs/archive/b855f115bc4d6107a64d5ea7e6898cbd803544a6.jpg', 'mid': 495792263, 'intro': '', 'sign_state': 0, 'attribute': 140, 'stat': {'season_id': 227598, 'view': 12027656, 'danmaku': 77132, 'reply': 43366, 'favorite': 329754, 'coin': 224903, 'share': 210171, 'like': 682986, 'mtime': 1696823262, 'vt': 0, 'vv': 0}, 'ep_count': 32, 'first_aid': 766756398, 'ptime': 1675854000, 'ep_num': 32}",0,0,,False,0,0
398,201,164360,http://i1.hdslb.com/bfs/archive/90de19a363f193f113698603cdf5bb0806b61d8c.jpg,,,1,ã€åŒ»å­¦åšå£«ã€‘ç«Ÿç„¶è¿˜æœ‰äººåšçœ¼ç‘ä¸‹è‡³æ‰‹æœ¯ï¼Ÿå¯åˆ«çäº†ï¼,0,nagiçœŸçš„å¾ˆæ–‡é™,495792263,1638532804,03:00,349,677057873,BV1oU4y1T7b5,False,0,0,0,0,,0,0,,False,0,0
755,209,299463,http://i0.hdslb.com/bfs/archive/c28d05c99c006d60782bbc4f04bb76127a586590.jpg,,å®¶äººä»¬å’±ä»¬å°±æ˜¯è¯´çœ‹å¾—æœ‰ç‚¹ç”Ÿæ°”äº†,1,ã€ä»¤äººå¿ƒåŠ¨çš„offer3ã€‘ä»–ä»¬é¢è¯Šè€ƒè¯•å±…ç„¶èƒ½è¿™ä¹ˆèœï¼Ÿ|ç¬¬äºŒé›†reaction,0,nagiçœŸçš„å¾ˆæ–‡é™,495792263,1637923335,20:37,4607,421934458,BV133411b77y,False,0,0,0,0,"{'id': 227773, 'title': 'æœºæ™ºçš„åŒ»ç”Ÿç”Ÿæ´»', 'cover': 'https://archive.biliimg.com/bfs/archive/b855f115bc4d6107a64d5ea7e6898cbd803544a6.jpg', 'mid': 495792263, 'intro': '', 'sign_state': 0, 'attribute': 140, 'stat': {'season_id': 227773, 'view': 3900238, 'danmaku': 18974, 'reply': 9516, 'favorite': 21758, 'coin': 22808, 'share': 7991, 'like': 145226, 'mtime': 1696823510, 'vt': 0, 'vv': 0}, 'ep_count': 11, 'first_aid': 850455929, 'ptime': 1676028836, 'ep_num': 11}",0,0,,False,0,0
944,209,514434,http://i0.hdslb.com/bfs/archive/dfdd482b139b14f745bee2cab3b6fcb5a733076b.jpg,,"ä»£å…¥æ„Ÿå¤ªå¼ºäº†å®¶äººä»¬
èšŒåŸ ä½äº†",1,ã€ä»¤äººå¿ƒåŠ¨çš„offer3ã€‘é€‰æ‰‹ä¸´åºŠèƒ½åŠ›çœŸçš„è¿™ä¹ˆå·®ï¼Ÿ|ç¬¬ä¸€é›†reaction,0,nagiçœŸçš„å¾ˆæ–‡é™,495792263,1637404085,15:28,4214,634300840,BV1Vb4y1b7fR,False,0,0,0,0,"{'id': 227773, 'title': 'æœºæ™ºçš„åŒ»ç”Ÿç”Ÿæ´»', 'cover': 'https://archive.biliimg.com/bfs/archive/b855f115bc4d6107a64d5ea7e6898cbd803544a6.jpg', 'mid': 495792263, 'intro': '', 'sign_state': 0, 'attribute': 140, 'stat': {'season_id': 227773, 'view': 3900238, 'danmaku': 18974, 'reply': 9516, 'favorite': 21758, 'coin': 22808, 'share': 7991, 'like': 145226, 'mtime': 1696823510, 'vt': 0, 'vv': 0}, 'ep_count': 11, 'first_aid': 850455929, 'ptime': 1676028836, 'ep_num': 11}",0,0,,False,0,0
748,209,273176,http://i1.hdslb.com/bfs/archive/7fcf4b1a88a82cd29ad3a3710eb78b8a4e6014a3.jpg,,å¤ªéš¾äº†å®¶äººä»¬,1,ã€æ–°æ‰‹åŒ»ç”Ÿæ—¥è®°ã€‘æˆ‘è¯¥æ€ä¹ˆå‘Šè¯‰ç—…äººä»–å¾—äº†HIVï¼Ÿ,0,nagiçœŸçš„å¾ˆæ–‡é™,495792263,1637232336,08:11,900,676818067,BV1VU4y1u7A5,False,0,0,0,0,"{'id': 227773, 'title': 'æœºæ™ºçš„åŒ»ç”Ÿç”Ÿæ´»', 'cover': 'https://archive.biliimg.com/bfs/archive/b855f115bc4d6107a64d5ea7e6898cbd803544a6.jpg', 'mid': 495792263, 'intro': '', 'sign_state': 0, 'attribute': 140, 'stat': {'season_id': 227773, 'view': 3900238, 'danmaku': 18974, 'reply': 9516, 'favorite': 21758, 'coin': 22808, 'share': 7991, 'like': 145226, 'mtime': 1696823510, 'vt': 0, 'vv': 0}, 'ep_count': 11, 'first_aid': 850455929, 'ptime': 1676028836, 'ep_num': 11}",0,0,,False,0,0
2610,209,950783,http://i0.hdslb.com/bfs/archive/c1233c5dc3a030d6271afceee383265385aa07de.jpg,,"å†ä¸‰ç”³æ˜
æˆ‘æ˜¯ä¸ªåƒåœ¾çœŸçš„
æ²¡æœ‰æ‹‰è¸©
çº¯çº¯å¿«ä¹åæ§½",1,ã€ä»¤äººå¿ƒåŠ¨çš„offer3ã€‘ä¸ºä»€ä¹ˆåæ ¡åŒ»å­¦ç”Ÿéƒ½ä¸å»ï¼Ÿé€‰æ‰‹å­¦å†çœŸæ‹‰èƒ¯ï¼Ÿ,0,nagiçœŸçš„å¾ˆæ–‡é™,495792263,1636719964,10:37,5187,421669579,BV18341187yK,False,0,0,0,0,"{'id': 227773, 'title': 'æœºæ™ºçš„åŒ»ç”Ÿç”Ÿæ´»', 'cover': 'https://archive.biliimg.com/bfs/archive/b855f115bc4d6107a64d5ea7e6898cbd803544a6.jpg', 'mid': 495792263, 'intro': '', 'sign_state': 0, 'attribute': 140, 'stat': {'season_id': 227773, 'view': 3900238, 'danmaku': 18974, 'reply': 9516, 'favorite': 21758, 'coin': 22808, 'share': 7991, 'like': 145226, 'mtime': 1696823510, 'vt': 0, 'vv': 0}, 'ep_count': 11, 'first_aid': 850455929, 'ptime': 1676028836, 'ep_num': 11}",0,0,,False,0,0
67,157,95515,http://i0.hdslb.com/bfs/archive/a03b920b6a9d8fc019b84968af6fc2fcb5205868.jpg,,æˆ‘è¿™æ‰‹å•ŠçœŸçš„å¿ä¸ä½,1,ç‹¬å±…åŒ»ç”Ÿçš„åŒ11å¥½ç‰©æ¨èï¼å­¦ç”Ÿå…šç§Ÿæˆ¿å…šå¿…çœ‹ï¼,0,nagiçœŸçš„å¾ˆæ–‡é™,495792263,1635508864,12:03,203,676374315,BV1SU4y1u7wP,False,0,0,0,0,,0,0,,False,0,0
207,124,48550,http://i0.hdslb.com/bfs/archive/cba2dca92a391a09e109255dfbc986db1c27563a.jpg,,-,1,ã€å¥³ç”Ÿå¿…çœ‹ã€‘ç‹¬å±…è‡ªæ•‘æ‰‹å†Œï¼Œè¢«å˜æ€ç›¯æ€ä¹ˆä¿å‘½ï¼Ÿï¼Ÿ,0,nagiçœŸçš„å¾ˆæ–‡é™,495792263,1634987111,07:25,279,208656022,BV1Vh411n7LJ,False,0,0,0,0,,0,0,,False,0,0
534,201,210092,http://i0.hdslb.com/bfs/archive/e2b64568ecc70b66c03cdf0c929d4ff71f03ff14.jpg,,åƒä¸‡åˆ«ä¸­æ‹›å•Šé›†ç¾ä»¬ï¼ï¼ï¼,1,ã€åŒ»å­¦åšå£«ã€‘å¦™é¾„å°‘å¥³é•¿ç—”ç–®äº†è¯¥æ€ä¹ˆåŠï¼Ÿ,0,nagiçœŸçš„å¾ˆæ–‡é™,495792263,1634728929,07:49,527,763720762,BV11r4y1y7EN,False,0,0,0,0,"{'id': 227598, 'title': 'ç¡¬æ ¸ç§‘æ™® æ¶¨çŸ¥è¯†', 'cover': 'https://archive.biliimg.com/bfs/archive/b855f115bc4d6107a64d5ea7e6898cbd803544a6.jpg', 'mid': 495792263, 'intro': '', 'sign_state': 0, 'attribute': 140, 'stat': {'season_id': 227598, 'view': 12027656, 'danmaku': 77132, 'reply': 43366, 'favorite': 329754, 'coin': 224903, 'share': 210171, 'like': 682986, 'mtime': 1696823262, 'vt': 0, 'vv': 0}, 'ep_count': 32, 'first_aid': 766756398, 'ptime': 1675854000, 'ep_num': 32}",0,0,,False,0,0
985,201,148728,http://i2.hdslb.com/bfs/archive/171dad223991ef49a8af2981415a9749305ae4c1.jpg,,,1,ã€åŒ»å­¦åšå£«ã€‘120ä¸‡ä¸€é’ˆçš„æŠ—ç™Œè¯ï¼Ÿï¼è¿™åˆç†å—.......,0,nagiçœŸçš„å¾ˆæ–‡é™,495792263,1633521609,09:03,1240,548424828,BV1nq4y1V7R2,False,0,0,0,0,,0,0,,False,0,0
303,201,100480,http://i0.hdslb.com/bfs/archive/9f52e462099bf5a6ce95152817494b5b6568509f.png,,-,1,ã€ç”·å£«å‹¿å…¥ã€‘å¥³ç”Ÿè¿ç»­åƒ24å¤©é¿å­•è¯ä¼šå‘ç”Ÿä»€ä¹ˆï¼Ÿ,0,nagiçœŸçš„å¾ˆæ–‡é™,495792263,1633348809,08:54,141,420826696,BV1U3411y7Xc,False,0,0,0,0,,0,0,,False,0,0
204,201,93798,http://i1.hdslb.com/bfs/archive/e591fe91ce46d643aa51dcb19527b949ca826bd3.jpg,,-,1,åƒé¿å­•è¯èƒ½æ²»ç–—æœˆç»ä¸è°ƒï¼ï¼Ÿ,0,nagiçœŸçš„å¾ˆæ–‡é™,495792263,1632048860,10:44,187,420512196,BV1N341127CU,False,0,0,0,0,,0,0,,False,0,0
187,201,148188,http://i0.hdslb.com/bfs/archive/abb59cac6d56db8d93629362569bcd1c01a142b4.jpg,,å®¶ä¸­å¸¸å¤‡________,1,ã€åŒ»å­¦åšå£«ã€‘è¿™äº›è¯å¯ä»¥æ•‘å‘½ï¼,0,nagiçœŸçš„å¾ˆæ–‡é™,495792263,1631876410,10:23,403,505610178,BV1qg411c7E2,False,0,0,0,0,,0,0,,False,0,0
311,201,109339,http://i2.hdslb.com/bfs/archive/e58d43468bb655c9a48c42bdcf85923b613ba7e5.jpg,,æœ‰é¼»ç‚çš„å¿«ä¸¾æ‰‹,1,ã€åŒ»å­¦åšå£«ã€‘é¼»ç‚çœŸçš„èƒ½æ ¹æ²»ï¼Ÿåˆ«å†è¢«åæ–¹éª—é’±äº†ï¼,0,nagiçœŸçš„å¾ˆæ–‡é™,495792263,1631273681,10:30,353,932935365,BV1CM4y1G7oF,False,0,0,0,0,,0,0,,False,0,0
296,201,98566,http://i2.hdslb.com/bfs/archive/1c99883416e1d65106ad68a04979e03eb46725d7.jpg,,ä¸ºä»€ä¹ˆèšŠå­åªå’¬ä½ ï¼Ÿ,1,ã€åŒ»ç”Ÿç§‘æ™®ã€‘èšŠå­å–œæ¬¢å’¬ä»€ä¹ˆæ ·çš„äººï¼Ÿå¼ ç¾ç‰å¿«è·‘ï¼,0,nagiçœŸçš„å¾ˆæ–‡é™,495792263,1630743120,03:34,296,590353851,BV1tq4y1Z7EY,False,0,0,0,0,,0,0,,False,0,0
130,201,101417,http://i2.hdslb.com/bfs/archive/9aae89be58375b8af631334f3ea7ed6d2ea83232.jpg,,æ•‘å‘½ï¼å£è‡­å¤ªå°´å°¬äº†å§ï¼,1,ã€ç¡¬æ ¸ç§‘æ™®ã€‘ä¸ºä»€ä¹ˆä½ çš„å˜´å·´è¿™ä¹ˆè‡­ï¼Ÿ,0,nagiçœŸçš„å¾ˆæ–‡é™,495792263,1630407612,07:47,676,975128398,BV1g44y1C783,False,0,0,0,0,,0,0,,False,0,0
505,201,190548,http://i2.hdslb.com/bfs/archive/a6411f6157e64dcaaf9ad9bb37b18206ada94b86.jpg,,"å‰æ®µæ—¶é—´æ­£å¼ä¸Šå²—å•¦
çœŸçš„å¿™åˆ°å´©æºƒ
æœ€è¿‘åœ¨ä¸ç—…äººçš„äº¤æµä¸­ä¹Ÿå¯¹åŒ»æ‚£å…³ç³»æœ‰äº†æ›´åŠ æ·±åˆ»çš„ä½“ä¼š
ä»Šå¤©å°±æƒ³è·Ÿå¤§å®¶è¯´è¯´
æˆ‘ä»¬æœ€çœŸå®çš„æ ·å­",1,æœ€çœŸå®çš„åŒ»æ‚£å…³ç³»æ˜¯æ€æ ·çš„ï¼Ÿ,0,nagiçœŸçš„å¾ˆæ–‡é™,495792263,1630062436,08:43,379,717712896,BV1UQ4y117ye,False,0,0,0,0,,0,0,,False,0,0
3934,201,513046,http://i1.hdslb.com/bfs/archive/cdbd68eaf26aa2d5c6b49bb2c38411dab72e4e67.jpg,,â€œå«ç”Ÿæ£‰æ¡åˆ°åº•æ˜¯è°å‘æ˜çš„å¥½ç©æ„å„¿ï¼Œè¿™ä¹ˆçƒ­çš„å¤©æ°”ï¼Œæ£‰æ¡ yydsï¼â€,1,ã€ç”·ç”Ÿå‹¿å…¥ã€‘Bç«™æœ€å…¨å«ç”Ÿæ£‰æ¡çŸ¥è¯†ç§‘æ™®,0,nagiçœŸçš„å¾ˆæ–‡é™,495792263,1629628072,08:38,3630,420080783,BV1E3411B75r,False,0,0,0,0,"{'id': 227598, 'title': 'ç¡¬æ ¸ç§‘æ™® æ¶¨çŸ¥è¯†', 'cover': 'https://archive.biliimg.com/bfs/archive/b855f115bc4d6107a64d5ea7e6898cbd803544a6.jpg', 'mid': 495792263, 'intro': '', 'sign_state': 0, 'attribute': 140, 'stat': {'season_id': 227598, 'view': 12027656, 'danmaku': 77132, 'reply': 43366, 'favorite': 329754, 'coin': 224903, 'share': 210171, 'like': 682986, 'mtime': 1696823262, 'vt': 0, 'vv': 0}, 'ep_count': 32, 'first_aid': 766756398, 'ptime': 1675854000, 'ep_num': 32}",0,0,,False,0,0
247,201,74665,http://i2.hdslb.com/bfs/archive/35455e6f4fad51da2c846f01f60ecc97e23530ab.jpg,,"ç–«æƒ…åæ‰‘ï¼Œè®¸å¤šè®¡åˆ’å†æ¬¡çŒä¸åŠé˜²è¢«æ‰“ä¹±ã€‚
å¯¹å˜å¼‚æ¯’æ ªéƒ½é›¶å®¹å¿ï¼Œå›½äº§ç–«è‹—yydsï¼
æ›´æ¯’çš„å˜å¼‚æ¯’æ ªï¼Œæ›´å¤æ‚çš„ç–«æƒ…å½¢åŠ¿ï¼Œé˜²ç–«ä¾æ—§ä¸èƒ½æ‰ä»¥è½»å¿ƒã€‚

ç¬¬ä¸€æ¬¡å¿«é€Ÿå°ç§‘æ™®ï¼Œè¯·å¤§å®¶å¤šå¤šå–œæ¬¢ï¼ˆyijiansanlian",1,ç¡¬æ ¸è§£æå¾·å°”å¡”ä¸ºä»€ä¹ˆè¿™ä¹ˆå‰å®³ï¼Ÿå›½äº§ç–«è‹—è¿˜æ‰›å¾—ä½å—ï¼Ÿ,0,nagiçœŸçš„å¾ˆæ–‡é™,495792263,1628590089,04:15,494,504737469,BV1Tg411j7qv,False,0,0,0,0,,0,0,,False,0,0
1044,201,210514,http://i2.hdslb.com/bfs/archive/f33a31befe8f3b7cbe9edba404f25abe2ae9400f.jpg,,"ä½ ä¸ºä»€ä¹ˆçˆ±ä¸Šå’–å•¡ï¼Ÿåˆä¸ºä»€ä¹ˆä¸å–å’–å•¡ï¼Ÿ
å’–å•¡ä¸Šç˜¾ï¼Œæ˜¯ç—…å—ï¼Ÿ
å¸¦ä½ äº†è§£å’–å•¡çš„çœŸç›¸",1,é•¿æœŸå–å’–å•¡æç¥ï¼Œä¼šå˜ç¬¨å—ï¼Ÿ| å’–å•¡çš„çœŸç›¸ï¼,0,nagiçœŸçš„å¾ˆæ–‡é™,495792263,1628222403,08:51,1940,762231863,BV1s64y1s7Pn,False,0,0,0,0,,0,0,,False,0,0
279,157,221616,http://i2.hdslb.com/bfs/archive/8d15e73a60de0ecb91e64ab4f39bbcf83a956b18.jpg,,"æ¯•ä¸švlog2.0~
å‹å‹ä»¬, ä¸‡ä¸‡æ²¡æƒ³åˆ°ï¼Œæˆ‘çš„æœ€åä¸€ä¸ªæš‘å‡ï¼Œæ˜¯ä»ä½“æ„Ÿ46åº¦ä¸‹çš„æš´èµ°å¼€å§‹çš„ã€‚ã€‚ã€‚
è¿™ä¸ªå¤å¤©ä¸å¹³å‡¡ï¼Œå¸Œæœ›å¤§å®¶éƒ½å…ƒæ°”æ»¡æ»¡ï¼Œé‡åˆ°çš„çŠ¶å†µéƒ½èƒ½å¿«é€Ÿå¤åŸï¼Œå°±åƒå¨‡å…°å¤åŸèœœä¸€æ ·ï¼
@Guerlainæ³•å›½å¨‡å…°",1,åš å£« ç”Ÿ æ¯• ä¸š å ç° çŠ¶,0,nagiçœŸçš„å¾ˆæ–‡é™,495792263,1627120808,10:05,517,974297810,BV1M44y1m7Gc,False,0,0,0,0,"{'id': 227773, 'title': 'æœºæ™ºçš„åŒ»ç”Ÿç”Ÿæ´»', 'cover': 'https://archive.biliimg.com/bfs/archive/b855f115bc4d6107a64d5ea7e6898cbd803544a6.jpg', 'mid': 495792263, 'intro': '', 'sign_state': 0, 'attribute': 140, 'stat': {'season_id': 227773, 'view': 3900238, 'danmaku': 18974, 'reply': 9516, 'favorite': 21758, 'coin': 22808, 'share': 7991, 'like': 145226, 'mtime': 1696823510, 'vt': 0, 'vv': 0}, 'ep_count': 11, 'first_aid': 850455929, 'ptime': 1676028836, 'ep_num': 11}",0,0,,False,0,0
826,201,335923,http://i0.hdslb.com/bfs/archive/8984a1c51667d89b3ebdea2ac076be94955e339e.jpg,,"æ­å·ä¸€ä½å¥³ç”Ÿå°å†‰å¸è„‚æ‰‹æœ¯åå…¨èº«å¤šå™¨å®˜è¡°ç«­ï¼Œä¸¤ä¸ªæœˆåæŠ¢æ•‘æ— æ•ˆæ­»äº¡ã€‚
äº‹ä»¶è¢«åˆ¤å®šä¸ºã€ŒåŒ»ç–—äº‹æ•…ã€ã€‚ä½œä¸ºåŒ»ç–—ä»ä¸šè€…ï¼Œçœ‹åˆ°è¿™å››ä¸ªå­—ï¼Œæœ‰äº›è¯è¿˜æ˜¯ä¸åä¸å¿«ã€‚
å†æ¬¡ä¸ºé€è€…è¡¨ç¤ºå“€æ‚¼ã€‚
é‚£ä¹ˆè¿™æœŸå°±å«ã€Œnagiæœ‰è¯è¯´ã€ã€‚
æ–‡é™å¼€éº¦ã€‚",1,æŠ½è„‚æ‰‹æœ¯åˆåˆåˆå‡ºäº‹äº†ï¼Ÿ,0,nagiçœŸçš„å¾ˆæ–‡é™,495792263,1626446839,08:36,1197,889128063,BV1gK4y1u7iz,False,0,0,0,0,"{'id': 227590, 'title': 'å¥‡è‘©åŒ»ç¾å¤§åæ§½', 'cover': 'https://archive.biliimg.com/bfs/archive/1615fb8f17737467d8a287c87ea374040c4989ab.jpg', 'mid': 495792263, 'intro': '', 'sign_state': 0, 'attribute': 140, 'stat': {'season_id': 227590, 'view': 6732544, 'danmaku': 33189, 'reply': 20182, 'favorite': 41253, 'coin': 70326, 'share': 18386, 'like': 365462, 'mtime': 1696823329, 'vt': 0, 'vv': 0}, 'ep_count': 11, 'first_aid': 851053757, 'ptime': 1681469100, 'ep_num': 11}",0,0,,False,0,0
327,21,135756,http://i1.hdslb.com/bfs/archive/696babbaeeb7762c38e3a30fd381a52f518ca720.jpg,,-,1,Vlogï½œæœ¬åšå…«å¹´ï¼ŒåŒ»å­¦ç”Ÿç¬¬ä¸€æ¬¡ä¹Ÿæ˜¯æœ€åä¸€æ¬¡æ¯•ä¸šå…¸ç¤¼,0,nagiçœŸçš„å¾ˆæ–‡é™,495792263,1625832007,11:09,509,589053520,BV1GB4y1N7QL,False,0,0,0,0,,0,0,,False,0,0
172,201,84636,http://i2.hdslb.com/bfs/archive/1428cd82d732dcbc1152e39a3502ad83bff4ac3c.jpg,,çœ‹åˆ°ç®€ä»‹çš„éƒ½æ˜¯èªæ˜äººï¼,1,â€œé˜»æ–­ç¢³æ°´â€ï¼Œå°±èƒ½å¤§åƒå¤§å–ä¹Ÿä¸é•¿èƒ–ï¼Ÿæ±‚æ±‚äº†ï¼Œåˆ«æ‹¿æ™ºå•†ç¨å½“ç¥è¯ï¼,0,nagiçœŸçš„å¾ˆæ–‡é™,495792263,1624882746,10:22,526,546281771,BV1fq4y1L7hr,False,0,0,0,0,,0,0,,False,0,0
242,201,59106,http://i2.hdslb.com/bfs/archive/f843b37b1ddc4faf0cbe7bb386922f54c2da5340.jpg,,"è°è¯´ç¡å¤Ÿæ—¶é—´å°±è¡Œçš„ï¼Ÿ
ç²¾ç¥æ—¶å·®å…šï¼Œå…¶å®æ˜¯ç¡çœ æ—¶ç›¸å»¶è¿Ÿç»¼åˆç—‡
è¿˜åœ¨â€œç§‘å­¦ç†¬å¤œâ€å—ï¼Ÿ
å¸¸å¹´ä¸Šå¤œç­çš„â€œçŒ«å¤´é¹°å¼ç¡çœ â€ï¼Œæ˜¼å¤œé¢ å€’çš„å±å®³ä½ æŠŠæ¡ä¸ä½ï¼",1,26å²å¥³ç”Ÿé•¿æœŸç†¬å¤œè‡´è„‘å‡ºè¡€ï¼Ÿ,0,nagiçœŸçš„å¾ˆæ–‡é™,495792263,1623924005,07:57,372,376187909,BV1so4y1k754,False,0,0,0,0,,0,0,,False,0,0
1141,201,518027,http://i2.hdslb.com/bfs/archive/21f55273f377d47871a799e06accb12c35857a95.jpg,,JKé…çš®é‹ï¼Œæ£‰è¢œç¯®çƒé‹ï¼Œä¸€åˆ°å¤å¤©å°±è„šå·¨è‡­æ€ä¹ˆåŠï¼æ˜¯è„šæ°”åœ¨ä½œæ€ªå—ï¼Ÿjioè‡­æ€ä¹ˆæ²»ï¼Ÿå…¨åœ¨è¿™é‡Œ,1,JKçŸ­è£™ä¸‹çš„ç§˜å¯†ã€‚ã€‚ã€‚ç¾å¥³çš„è„šç«Ÿç„¶æ˜¯è‡­çš„ï¼Ÿ,0,nagiçœŸçš„å¾ˆæ–‡é™,495792263,1623499215,05:49,965,931022177,BV1yK4y1X7fG,False,0,0,0,0,"{'id': 227598, 'title': 'ç¡¬æ ¸ç§‘æ™® æ¶¨çŸ¥è¯†', 'cover': 'https://archive.biliimg.com/bfs/archive/b855f115bc4d6107a64d5ea7e6898cbd803544a6.jpg', 'mid': 495792263, 'intro': '', 'sign_state': 0, 'attribute': 140, 'stat': {'season_id': 227598, 'view': 12027656, 'danmaku': 77132, 'reply': 43366, 'favorite': 329754, 'coin': 224903, 'share': 210171, 'like': 682986, 'mtime': 1696823262, 'vt': 0, 'vv': 0}, 'ep_count': 32, 'first_aid': 766756398, 'ptime': 1675854000, 'ep_num': 32}",0,0,,False,0,0
140,157,65227,http://i2.hdslb.com/bfs/archive/5f5c101bdcc83206037dce654adff2ba4b1bb6d0.jpg,,,1,ä¸€å¹´èŠ±10ä¸‡åšæŠ—è¡°è€é¡¹ç›®ï¼Œè„¸æ²¡æœ‰ä»»ä½•å˜åŒ–ã€‚ã€‚ã€‚,0,nagiçœŸçš„å¾ˆæ–‡é™,495792263,1623146409,10:03,865,631092078,BV1Ub4y1d7wH,False,0,0,0,0,,0,0,,False,0,0
3206,208,596918,http://i1.hdslb.com/bfs/archive/f67d8fb501146b5f80d6623bcb858e63ef71d1c7.jpg,,åˆä¸€å¹´é«˜è€ƒå­£ï¼å­¦å§å” å” å—‘,1,å­¦åŒ»ç©·åˆ°30å²æ˜¯çœŸçš„å—ï¼ŸåŒ»å­¦åšå£«å‘Šè¯‰ä½ ç­”æ¡ˆ,0,nagiçœŸçš„å¾ˆæ–‡é™,495792263,1622882382,05:04,1645,205901731,BV1oh411Y7Ud,False,0,0,0,0,"{'id': 227773, 'title': 'æœºæ™ºçš„åŒ»ç”Ÿç”Ÿæ´»', 'cover': 'https://archive.biliimg.com/bfs/archive/b855f115bc4d6107a64d5ea7e6898cbd803544a6.jpg', 'mid': 495792263, 'intro': '', 'sign_state': 0, 'attribute': 140, 'stat': {'season_id': 227773, 'view': 3900238, 'danmaku': 18974, 'reply': 9516, 'favorite': 21758, 'coin': 22808, 'share': 7991, 'like': 145226, 'mtime': 1696823510, 'vt': 0, 'vv': 0}, 'ep_count': 11, 'first_aid': 850455929, 'ptime': 1676028836, 'ep_num': 11}",0,0,,False,0,0
8713,201,2634812,http://i1.hdslb.com/bfs/archive/ef0cb069a0cfb0189556dbc6298873516fa8beb4.jpg,,"å¥½å¥½çš„ç¥ç»è¯´ä¸è¦å°±ä¸è¦äº†ï¼
ä¸å¯é€†ï¼ä¸å¯é€†ï¼ ä¸å¯é€†ï¼
æ°”æŠ–å†·ã€‚",1,å¥¹ä¸ºäº†ç˜¦è…¿ï¼Œä¸æƒœåˆ‡æ–­å°è…¿ç¥ç»ï¼åå¹´åç«Ÿç„¶ï¼Ÿâ€¦.,0,nagiçœŸçš„å¾ˆæ–‡é™,495792263,1622293098,08:24,12074,715791939,BV1oQ4y1R7ps,False,0,0,0,0,"{'id': 227590, 'title': 'å¥‡è‘©åŒ»ç¾å¤§åæ§½', 'cover': 'https://archive.biliimg.com/bfs/archive/1615fb8f17737467d8a287c87ea374040c4989ab.jpg', 'mid': 495792263, 'intro': '', 'sign_state': 0, 'attribute': 140, 'stat': {'season_id': 227590, 'view': 6732544, 'danmaku': 33189, 'reply': 20182, 'favorite': 41253, 'coin': 70326, 'share': 18386, 'like': 365462, 'mtime': 1696823329, 'vt': 0, 'vv': 0}, 'ep_count': 11, 'first_aid': 851053757, 'ptime': 1681469100, 'ep_num': 11}",0,0,,False,0,0
119,157,103288,http://i2.hdslb.com/bfs/archive/af02a43fc75369a83ad6394f533b8c7a4e662657.jpg,,"éƒ½æ˜¯ç”¨äº†1ä¸ªæœˆä»¥ä¸Šä½“éªŒè´¼çˆ½çš„å¥½ä¸œè¥¿ï¼å¥½ç”¨ï¼Œæ•ˆæœçœŸçš„æœ

æ»¡å©·æ²æµ´ä¹³ Â· æ¹¿ç–¹å†è§?
é›…æ¼¾åˆ«ç—˜CPï¼ˆå°é‡‘åˆšåˆ«ç—˜+æŠ—ç—˜Cä½ç²¾åï¼‰* æ¸…çˆ½ï¼æ¸…çˆ½ï¼è¿˜æ˜¯æ¸…çˆ½ï¼
æ˜“ç¾è‚Œè„±æ¯›ä»ª Â· æ‡’äººå‹å¥½
PURID2å·ç²¾å Â· è¤ªçº¢ä¸€ç»
å‡¡èŒœå¸å¦†æ²¹ Â· ä¾¿å®œå¤§ç¢—

ä¸ä¿¡ä½ è¯•è¯•ï¼",1,ã€å¥½ç‰©åˆ†äº«ã€‘é˜²æ™’ã€è„±æ¯›ã€æŠ—ç‚ã€å‘Šåˆ«æ¹¿ç–¹ï¼Œæ§æ²¹ç¥›ç—˜ï¼å¹³æ°‘çªŸå¥³å­©å¿…çœ‹ï¼å¹³ä»·è§£å†³å¤å­£çƒ¦æ¼,0,nagiçœŸçš„å¾ˆæ–‡é™,495792263,1621855803,12:00,247,588255467,BV1GB4y1u7d1,False,0,0,0,0,,0,0,,False,0,0
182,219,52829,http://i1.hdslb.com/bfs/archive/5774c7ec2be38c0a9b277ae929e296e68edbd8ea.jpg,,-,1,Vlogï½œé¢†å…»äº†äººç”Ÿç¬¬ä¸€åªå±äºè‡ªå·±çš„ç‹—ç‹—ï½œnagiçš„æ—¥å¸¸,0,nagiçœŸçš„å¾ˆæ–‡é™,495792263,1621594816,05:11,301,503160408,BV1GN411Z7T2,False,0,0,0,0,,0,0,,False,0,0
439,201,69075,http://i2.hdslb.com/bfs/archive/83a1b2f977b23fc607bd0122c4de6716f17cf605.jpg,,-,1,ã€ç¡¬æ ¸ç§‘æ™®ã€‘å›½äººæ„ŸæŸ“ç‡é«˜è¾¾60%ï¼æ¶ˆåŒ–ä¸è‰¯è¦ç­›æŸ¥å¹½é—¨èºæ†èŒå—ï¼Ÿåƒä¸­è¯å¯ä»¥æ²»å¥½å—ï¼Ÿï¼,0,nagiçœŸçš„å¾ˆæ–‡é™,495792263,1621150508,10:42,246,503076804,BV1qN411o7rW,False,0,0,0,0,,0,0,,False,0,0
598,201,77885,http://i1.hdslb.com/bfs/archive/328d71a50134591ee9d34eee67cbb613ed24ca3b.jpg,,-,1,ã€æ— ç³–é˜´è°‹ã€‘0ç³–é¥®æ–™ç«Ÿä¼šä½¿äººå‘èƒ–ï¼Ÿï¼è‚¥èƒ–ç¾¤ä½“ä¸å®œé¥®ç”¨ï¼Ÿï¼å¥½ä¸€ä¸ªå‡è‚¥éª—å±€ï¼,0,nagiçœŸçš„å¾ˆæ–‡é™,495792263,1620561608,08:48,571,417911366,BV1kV41177JJ,False,0,0,0,0,,0,0,,False,0,0
299,201,41330,http://i2.hdslb.com/bfs/archive/e950f10ef371b46790808cc4666f74524a8366dc.jpg,,,1,ã€ç¡¬æ ¸ç§‘æ™®ã€‘å¸¸åƒå¤–å–å¯¼è‡´å¹´è½»äººé¢‘å¾—èƒƒç™Œï¼Ÿï¼ä»èƒƒç‚åˆ°èƒƒç™Œçš„éšå½¢æ€æ‰‹ç«Ÿæ˜¯è¿™ä¸ªï¼Ÿ,0,nagiçœŸçš„å¾ˆæ–‡é™,495792263,1619870406,06:02,276,332845253,BV1dA411V7gg,False,0,0,0,0,,0,0,,False,0,0
1041,201,215969,http://i2.hdslb.com/bfs/archive/0e2f9d326a5b46c715a42723d1d782b6e4c26959.jpg,,-,1,ã€ç»…å£«å‹¿å…¥ã€‘ä½“æ£€æŸ¥å‡ºçš„ä¹³è…ºç»“èŠ‚ä¼šç™Œå˜ï¼Ÿå¥³æ€§ç¬¬ä¸€é«˜å‘ä¹³è…ºç™Œå¦‚ä½•é¢„é˜²ï¼Ÿ,0,nagiçœŸçš„å¾ˆæ–‡é™,495792263,1618660807,06:24,268,545125747,BV1si4y1A75n,False,0,0,0,0,,0,0,,False,0,0
553,201,70229,http://i2.hdslb.com/bfs/archive/020d1826b8870c46fdc73c7161d43073bcc5798f.jpg,,-,1,ã€ç¡¬æ ¸ç§‘æ™®ã€‘æ–°å† ç–«è‹—åˆ°è¶…å¤šå‰¯ä½œç”¨ï¼Ÿå¤‡å­•ä¹Ÿèƒ½æ‰“ï¼Ÿ6ä¸ªæœˆå¤±æ•ˆï¼Ÿä½ æƒ³çŸ¥é“çš„é—®é¢˜éƒ½åœ¨è¿™é‡Œï¼,0,nagiçœŸçš„å¾ˆæ–‡é™,495792263,1618056017,07:08,142,930091171,BV1VK4y1o7NC,False,0,0,0,0,,0,0,,False,0,0
306,201,137197,http://i1.hdslb.com/bfs/archive/6958a63648e0243e4ea9261e7b242523335e8cc0.jpg,,-,1,ã€ç¡¬æ ¸ç§‘æ™®ã€‘å¹´è½»äººä½“æ£€æœ€éœ€è¦åšä»€ä¹ˆæ£€æŸ¥ï¼Ÿä½“æ£€å¼‚å¸¸ç‡99%ï¼Ÿæ€§ä»·æ¯”é«˜ä¸èŠ±å†¤æ‰é’±ï¼,0,nagiçœŸçš„å¾ˆæ–‡é™,495792263,1617537604,08:33,530,929983471,BV1sK4y1m7hs,False,0,0,0,0,,0,0,,False,0,0
224,21,50384,http://i1.hdslb.com/bfs/archive/ad1f2b79051e96334bf64bda724c4a24671eacfc.jpg,,-,1,Vlog3.0ï½œå¦‚ä½•ä¸€è¾¹è¯»åšä¸€è¾¹å…¼é¡¾è·³èˆçš„çˆ±å¥½ï¼Ÿæˆ‘çš„èˆè¹ˆæ—¥å¸¸ï¼Ÿæˆ‘çš„æ—¶é—´ç®¡ç†ç§˜è¯€ï¼Ÿ,0,nagiçœŸçš„å¾ˆæ–‡é™,495792263,1617364810,12:53,340,544938049,BV17i4y1N7x9,False,0,0,0,0,,0,0,,False,0,0
367,201,134228,http://i2.hdslb.com/bfs/archive/b3c5acb08fb6d0c9aa23f9003f20dd98b119f341.jpg,,"è§†é¢‘é‡Œæåˆ°çš„è‡ªç”¨äº§å“
éœ²å¾—æ¸…æ°´æ¨é…¸æ²æµ´ä¹³ï¼ˆé»„è‰²æ•ˆæœè¾ƒå¼ºï¼‰å›½å†…å®˜æ–¹é€”å¾„æ²¡æœ‰åŠæ³•è´­ä¹°
éœ²å¾—æ¸…è¥¿æŸšæ°´æ¨é…¸æ²æµ´ä¹³ï¼ˆçº¢è‰²çš„ï¼Œæ•ˆæœè¾ƒæ¸©å’Œä½†ä¹Ÿæœ‰æ•ˆï¼‰ å›½å†…å®˜æ–¹é€”å¾„å¯ä¹°
èº«ä½“å–·é›¾ï¼šacnefree æ°´æ¨é…¸èº«ä½“å–·é›¾ å›½å†…æ— å®˜æ–¹é€”å¾„è´­ä¹°
æ›¿ä»£ï¼šçœŸç©ºè´Ÿå‹å–·é›¾ç“¶+3%æ°´æ¨é…¸çˆ½è‚¤æ°´ï¼ˆæˆ‘è‡ªç”¨çš„ä¸ºä¸Šå’Œè‚Œæ°´ï¼Œå¤§å®¶ä¹Ÿå¯é€‰æµ“åº¦2-3%å³å¯ï¼‰
é»‘æ¦œï¼šæ—¥ç³»çš„æ°´æ¨é…¸/æœé…¸æ²æµ´ä¹³å’Œèº«ä½“å–·é›¾æˆ‘ç”¨äº†éƒ½æ²¡ç”¨
å¤§ç—˜ç—˜ï¼šæ°´æ¨é…¸æ£‰ç‰‡ï¼ˆæˆ‘è‡ªç”¨stridex çº¢è‰²ï¼Œè§‰å¾—æ•ˆæœè¿˜è¡Œ8ï¼‰
èº«ä½“ä¹³ï¼ˆè¿™ä¸ªè§†é¢‘é‡Œæ²¡æåˆ°ä½†æˆ‘è§‰å¾—æ•ˆæœä¸é”™ï¼‰ï¼šcerveæ°´æ¨é…¸èº«ä½“ä¹³",1,ã€åŒ»å­¦åšå£«ç»æ‹›ã€‘10å…ƒæ¶ˆç­èƒ¸å‰èƒŒåç—˜ç—˜ï¼ï¼æœ€å¼ºè¶…å…¨ç¥›ç—˜æ”»ç•¥ï¼ç§‘å­¦å¤å¤©ç¾èƒŒ,0,nagiçœŸçš„å¾ˆæ–‡é™,495792263,1616241613,10:05,566,247164750,BV15v411a7XW,False,0,0,0,0,,0,0,,False,0,0
1547,201,498099,http://i2.hdslb.com/bfs/archive/f93f35da0d7c6ad90da20f08cb64398401097214.jpg,,-,1,ã€ç¡¬æ ¸ç§‘æ™®ã€‘æ¯3ä¸ªå¥³ç”Ÿå°±æœ‰1ä¸ªäººå¾—ç”²çŠ¶è…ºç»“èŠ‚ï¼Ÿï¼ä¼šä¸ä¼šç™Œå˜ï¼Ÿå¦‚ä½•æ²»ç–—ï¼æœ€å…¨æ”»ç•¥,0,nagiçœŸçš„å¾ˆæ–‡é™,495792263,1615636801,06:32,3208,714544570,BV11X4y1V7sk,False,0,0,0,0,"{'id': 227598, 'title': 'ç¡¬æ ¸ç§‘æ™® æ¶¨çŸ¥è¯†', 'cover': 'https://archive.biliimg.com/bfs/archive/b855f115bc4d6107a64d5ea7e6898cbd803544a6.jpg', 'mid': 495792263, 'intro': '', 'sign_state': 0, 'attribute': 140, 'stat': {'season_id': 227598, 'view': 12027656, 'danmaku': 77132, 'reply': 43366, 'favorite': 329754, 'coin': 224903, 'share': 210171, 'like': 682986, 'mtime': 1696823262, 'vt': 0, 'vv': 0}, 'ep_count': 32, 'first_aid': 766756398, 'ptime': 1675854000, 'ep_num': 32}",0,0,,False,0,0
255,201,87147,http://i0.hdslb.com/bfs/archive/1078ecc7cfe59bf10c4889905bd8b955eec36156.jpg,,-,1,ã€ç¡¬æ ¸ç§‘æ™®ã€‘ä¸ºä½•æœ‰äººå°±æ˜¯ç™½ä¸èµ·æ¥ï¼Ÿä¸ºä»€ä¹ˆæœ‰äººæ™’ä¸é»‘ï¼Ÿå…¨æ˜¯å› ä¸ºå®ƒâ€¦,0,nagiçœŸçš„å¾ˆæ–‡é™,495792263,1615032019,06:49,618,544585532,BV13i4y1K7M3,False,0,0,0,0,,0,0,,False,0,0
108,201,38054,http://i2.hdslb.com/bfs/archive/87ec1f50b8e12cb8e1e70293b3ee24ae474a3c24.jpg,,-,1,ã€åšå£«ç§˜ç±ã€‘å­¦éœ¸ä¸è®°ç¬”è®°ä¹Ÿèƒ½æ‹¿é«˜åˆ†ï¼Ÿè¶…é«˜æ•ˆç¬”è®°å¤§æ³•å››æ­¥æå®šï¼,0,nagiçœŸçš„å¾ˆæ–‡é™,495792263,1614513601,08:17,409,799424032,BV1Wy4y1a7HH,False,0,0,0,0,,0,0,,False,0,0
196,201,63649,http://i2.hdslb.com/bfs/archive/103834d4e94f373cbe55fe39bc622ac93492994f.jpg,,-,1,ã€çœ¼ç§‘åŒ»ç”Ÿã€‘å†…çœ¼çº¿åˆ°åº•èƒ½ä¸èƒ½ç”»ï¼Ÿä¼šä¸ä¼šä¼¤çœ¼ï¼Ÿç¾å¦†åšä¸»çœ¼çº¿æ•™ç¨‹é è°±å—ï¼Ÿï¼,0,nagiçœŸçš„å¾ˆæ–‡é™,495792263,1614340817,09:07,381,971887041,BV1Kp4y1H7tb,False,0,0,0,0,,0,0,,False,0,0
769,201,56637,http://i1.hdslb.com/bfs/archive/a6b86cd31bcf1ed1f9667e0aa9c0bf05dc6795a1.jpg,,ä¸€æ¥å§¨å¦ˆå°±æš´èºæ˜“æ€’ã€æˆ–è€…æƒ…ç»ªä½è½åˆ°åº•æ˜¯ä»€ä¹ˆåŸå› ï¼Ÿï¼Ÿæ€ä¹ˆç¼“è§£ï¼Ÿæœ‰åŠæ³•æ”¹å–„å—ï¼Ÿéƒ½åœ¨è¿™é‡Œ,1,ã€ç”·ç”Ÿå¿…çœ‹ã€‘ä¸ºä»€ä¹ˆå¥³ç”Ÿæ¥å§¨å¦ˆæš´è·³å¦‚é›·ï¼Ÿæ€ä¹ˆç¼“è§£ï¼Œå¦‚ä½•æ”¹å–„ï¼Œéƒ½åœ¨è¿™é‡Œï¼,0,nagiçœŸçš„å¾ˆæ–‡é™,495792263,1613725202,07:05,1376,331797226,BV1YA411M7qx,False,0,0,0,0,,0,0,,False,0,0
1302,201,289961,http://i0.hdslb.com/bfs/archive/f3c2cefb06387386f05e90de190ffc5b6bc48925.jpg,,å¤§å®¶ä¸€å®šè¦åšå¥½å¹´åº¦ä½“æ£€ çœŸçš„,1,å‘½æ‚¬ä¸€çº¿ï¼é—ºèœœå‘çƒ­30å¤©æŸ¥ä¸å‡ºç—…å› å‘Šç—…å±ï¼Œæœ€åç«Ÿæ˜¯å› ä¸ºè¿™ä¸ªå¹´è½»äººéƒ½ä¼šå¾—çš„ç—…......,0,nagiçœŸçš„å¾ˆæ–‡é™,495792263,1613217605,11:31,1956,714157636,BV14X4y157NH,False,0,0,0,0,,0,0,,False,0,0
542,201,145118,http://i2.hdslb.com/bfs/archive/bf22d8f531059a3a7e50ad701cf2b0236b883d25.jpg,,ç–«æƒ…ä¸€è·¯åå¼¹ï¼æ–°å† ç–«è‹—åˆ°åº•è¦ä¸è¦æ‰“ï¼Ÿæ‰“å“ªç§ï¼Ÿæœ‰æ²¡æœ‰å±é™©ï¼ç—…æ¯’å˜å¼‚ç–«è‹—è¿˜æœ‰æ²¡æœ‰æ•ˆæœï¼Ÿï¼Ÿä¸ºå•¥ç ”ç©¶å‡ åå¹´çš„ç–«è‹—ä¸åˆ°ä¸€å¹´å°±åšå‡ºæ¥äº†ï¼Ÿæ˜¯ä¸æ˜¯?ææå‡ºæ¥çš„ï¼Ÿå¥½å®¶ä¼™ ä¸€ä¸ªè§†é¢‘æˆ‘ç»™ä½ å…¨éƒ½è§£å†³äº†,1,ã€ç¡¬æ ¸ç§‘æ™®ã€‘ç–«æƒ…åå¼¹ï¼åˆ«æ€¥ç€æ‰“æ–°å† ç–«è‹—ï¼Ÿæ ¸é…¸å‘ˆé˜³æ€§ï¼Ÿå“ªç±»äººä¸èƒ½æ‰“å›½äº§æ–°å† ç–«è‹—ï¼Ÿ,0,nagiçœŸçš„å¾ˆæ–‡é™,495792263,1612872017,09:17,684,289089706,BV1qf4y1r7re,False,0,0,0,0,,0,0,,False,0,0
410,201,112670,http://i2.hdslb.com/bfs/archive/04eb1a6bb205f0772b2a56cea4e42ebba25c30d4.jpg,,,1,ä¸åƒç³–å°±èƒ½æŠ—ç³–ï¼Ÿå¤®å¦ˆç‚¹åæ‰¹è¯„ï¼åˆ«å†æ™ºå•†ç¨äº†ï¼,0,nagiçœŸçš„å¾ˆæ–‡é™,495792263,1612518559,07:46,479,714046307,BV1zX4y1N77m,False,0,0,0,0,,0,0,,False,0,0
74,198,27853,http://i1.hdslb.com/bfs/archive/bc220b130ce4de60c76218a44b505a7101c1aebc.jpg,,"å¯¹æˆ‘è€Œè¨€æ„ä¹‰éå‡¡çš„ä¸€æ”¯èˆ
ç»ƒä¹ 
cï¼šakanen",1,å¯¹æˆ‘è€Œè¨€æ„ä¹‰éå‡¡çš„ä¸€æ”¯èˆç»ƒä¹ cï¼šak,0,nagiçœŸçš„å¾ˆæ–‡é™,495792263,1612196383,00:44,25,373927323,BV1Fo4y1d7SY,False,0,0,0,0,,0,0,,False,0,0
113,208,67141,http://i1.hdslb.com/bfs/archive/c954ad757d4762098797cf3ba1c115ad4be4c8b0.jpg,,,1,ã€ç¡¬æ ¸ç§‘æ™®ã€‘ç ”ç©¶ç”Ÿæœ€å¼ºé€‰å¯¼å¸ˆæŒ‡å—ï¼èµ°å¥½è¿™ä¸€æ­¥ä¸‰å¹´ä¸åæ‚”,0,nagiçœŸçš„å¾ˆæ–‡é™,495792263,1611313200,07:29,87,628756639,BV1wt4y167MP,False,0,0,0,0,,0,0,,False,0,0
695,201,150068,http://i0.hdslb.com/bfs/archive/1529dc9e3ecdce164cb99874eff4999ccaba6da0.jpg,,-,1,ã€ç¡¬æ ¸ç§‘æ™®ã€‘ä»£å­•ä¸ºä»€ä¹ˆæœ‰å·¨å¤§é£é™©ï¼Ÿæ¯ä¸ªå¥³æ€§éƒ½ä¼šæˆä¸ºçŒç‰©å—ï¼Ÿ,0,nagiçœŸçš„å¾ˆæ–‡é™,495792263,1611136878,07:02,501,373764080,BV1Qo4y1o7TB,False,0,0,0,0,,0,0,,False,0,0
584,201,136904,http://i2.hdslb.com/bfs/archive/252ce6cd50e4a73ab96cbe2930dca63df654aaf3.jpg,,-,1,ã€ç¡¬æ ¸ç§‘æ™®ã€‘æœ€ å¼º ç¤¾ ç•œ é˜² çŒ æ­» æŒ‡ å—ï¼,0,nagiçœŸçš„å¾ˆæ–‡é™,495792263,1610193603,09:18,711,628526211,BV18t4y1r76h,False,0,0,0,0,,0,0,,False,0,0
140,208,78038,http://i0.hdslb.com/bfs/archive/456d26cff3d6f342da8637b290230d35ae09f092.jpg,,-,1,ã€8å¹´åŒ»å­¦ç‹—åˆ†äº«ã€‘è€ƒå‰æ€¥æ•‘å¤ä¹ ç¬”è®°æ€ä¹ˆåšï¼è¿˜åœ¨å‚»å‚»çš„ä»å¤´å¼€å§‹æŠ„ä¹¦ï¼Ÿçœ‹è¿™é‡Œï¼,0,nagiçœŸçš„å¾ˆæ–‡é™,495792263,1608436805,07:13,85,670702206,BV1fa4y1H7RT,False,0,0,0,0,,0,0,,False,0,0
1061,201,297811,http://i2.hdslb.com/bfs/archive/9b7d9560d71e61678da4db384e1487b90b51e1de.jpg,,-,1,ã€åŒ»å­¦åšå£«ã€‘upçŒªä¸€å¤©ä¸‰æ¯å¥¶èŒ¶ä¸€ä¸ªæœˆåï¼Œè¡€æµä¸åŠ¨äº†.....æ­ç§˜å¥¶èŒ¶èƒŒåçš„ç§˜å¯†,0,nagiçœŸçš„å¾ˆæ–‡é™,495792263,1608292804,07:21,1235,800660421,BV1Ay4y1i7aq,False,0,0,0,0,,0,0,,False,0,0
111,201,69054,http://i2.hdslb.com/bfs/archive/6c2bbc694cdd8d2e441f053538966eede441e999.jpg,,å†…åˆ‡/å¤–åˆ‡çœ¼è¢‹åŸºç¡€ç§‘æ™®,1,ã€çœ¼è¢‹æ•´å½¢ç§‘æ™®ã€‘20å‡ å²å‰²çœ¼è¢‹ä¼šåæ‚”å—ï¼Ÿï¼æ³ªæ²Ÿçœ¼è¢‹å§èš•åˆ°åº•æ€ä¹ˆåŒºåˆ†ï¼Ÿ,0,nagiçœŸçš„å¾ˆæ–‡é™,495792263,1607774403,07:59,101,330549748,BV1JA411475W,False,0,0,0,0,,0,0,,False,0,0
194,21,48568,http://i2.hdslb.com/bfs/archive/489d705e20d3cdfa948fc2eb902b4c395eb8df2f.jpg,,-,1,Vlog2.0ï½œåŒ»å­¦ç”Ÿçš„å´©æºƒæ¯•ä¸šå­£ï¼Œæµ·é©¬ä½“èŒä¸šç…§æ¢åº—ï¼Œåˆ°åº•æœ‰æ²¡æœ‰ç¿»è½¦ï¼Ÿç¬‘ç€é¢å¯¹ç”Ÿæ´»,0,nagiçœŸçš„å¾ˆæ–‡é™,495792263,1607083200,10:08,526,970512650,BV1Vp4y1z7tU,False,0,0,0,0,,0,0,,False,0,0
1833,208,1715588,http://i1.hdslb.com/bfs/archive/3da0969668ad7721869218904cd9fb06741101e5.jpg,,-,1,ã€èƒŒä¹¦ç‹è€…ã€‘8å¹´è€åŒ»å­¦ç”Ÿæ•™ä½ å¦‚ä½•è€ƒå‰èªæ˜çš„èƒŒä¹¦ï¼ï½œæ–¹æ³•ä¸æŠ€å·§å¤§æ•´ç†,0,nagiçœŸçš„å¾ˆæ–‡é™,495792263,1606564806,08:59,3444,885495783,BV1xK4y177Jw,False,0,0,0,0,,0,0,,False,0,0
555,201,161965,http://i0.hdslb.com/bfs/archive/bf5b27d1bef6b1771ac1b834fab03fc60851b6f6.jpg,,-,1,ã€ç¡¬æ ¸ç§‘æ™®ã€‘ç—˜å‘ç—˜å°æ€ä¹ˆç¥›ï¼Ÿï¼æ‰‹æœ¯ç–¤ç—•æ€ä¹ˆæ¶ˆï¼Ÿæœ€å…¨é¢ç¥›ç–¤ç§‘æ™®,0,nagiçœŸçš„å¾ˆæ–‡é™,495792263,1605873600,07:37,210,585323729,BV18z4y1y73F,False,0,0,0,0,,0,0,,False,0,0
469,201,128333,http://i2.hdslb.com/bfs/archive/55a44ba1b35f356a88523667ab3121425bea7379.jpg,,-,1,ã€ç¡¬æ ¸ç§‘æ™®ã€‘å¸¦äº†é‚£ä¹ˆä¹…çš„ç¡…æ°´å‡èƒ¶å…¨æ˜¯å‡è´§ï¼ç³ä»£ä¸ºå•¥ä¸èƒ½ä¿¡ï¼Ÿä»æè´¨åˆ°å¸‚åœºï¼Œç¾ç³æœ€å…¨é¢ç§‘æ™®,0,nagiçœŸçš„å¾ˆæ–‡é™,495792263,1604836860,09:22,295,287685316,BV1Tf4y1q7wa,False,0,0,0,0,,0,0,,False,0,0
185,201,42158,http://i2.hdslb.com/bfs/archive/434735a261a9d1517beff8cc70ab4d8a03bd680c.jpg,,-,1,ã€ç¡¬æ ¸ç§‘æ™®ã€‘ä½ ä¸ºä»€ä¹ˆåƒäº†è¤ªé»‘ç´ å´æ²¡æœ‰ç”¨ï¼Ÿï¼å¤±çœ æ€ä¹ˆç¼“è§£ï¼Ÿå¤±çœ è¶…å¼ºç§‘æ™®æ¥è¢­,0,nagiçœŸçš„å¾ˆæ–‡é™,495792263,1604664009,08:02,403,755171127,BV1ir4y1w7xz,False,0,0,0,0,,0,0,,False,0,0
571,201,191344,http://i1.hdslb.com/bfs/archive/7dfc687c28479d7d41465b42f5db414dbb36477e.jpg,,"ä»å¾ˆä¹…å¾ˆä¹…ä»¥å‰æˆ‘å°±ä¸€ç›´å¾ˆå¥½å¥‡ï¼Œä¸ºå•¥é‚£ç§æˆåŠŸäººå£«ä¸å»åšæ¤å‘
å¤©å¤©å¸¦å‡å‘æˆ–è€…å®å¯ç§ƒç€
æ˜æ˜æ¤å‘æ‰‹æœ¯å¹¿å‘Šé“ºå¤©ç›–åœ°ï¼Œå¤§å°ç½‘çº¢çº·çº·å®£ä¼ 
æ¤å‘é™…çº¿å·²ç»æ˜¯æœ€æ–°æ½®æµ
æ‰€ä»¥æ˜¯è¿™ä¸ªæ‰‹æœ¯ä¸å®‰å…¨ï¼Ÿä¸æˆåŠŸï¼Ÿä¸”å¬æˆ‘æ…¢æ…¢ç§‘æ™®ã€‚
æœ¬æœŸè§†é¢‘ç”±ç´ å£«å¹é£æœºå¤§åŠ›æ”¯æŒæ’­å‡º~~~",1,ã€ç¡¬æ ¸ç§‘æ™®ã€‘æœ‰é’±äººå®å¯åœ°ä¸­æµ·æ­æ¡¥éƒ½ä¸åšæ¤å‘æ‰‹æœ¯ï¼Ÿæ˜¯ä¸æ˜¯æœ‰å‘ï¼å…¨é¢ç§‘æ™®æ¤å‘æ‰‹æœ¯ï¼Œæˆ‘æ¯”æ‡‚ç‹æ›´æ‡‚æ¤å‘~,0,nagiçœŸçš„å¾ˆæ–‡é™,495792263,1603454422,10:39,564,885119830,BV1cK4y1E7Mu,False,0,0,0,0,,0,0,,False,0,0
299,201,218061,http://i2.hdslb.com/bfs/archive/54792a95c204019e366291c7b499fb2c5800a69d.jpg,,-,1,ã€ç¡¬æ ¸ç§‘æ™®ã€‘åƒæˆåŠŸäººå£«ä¸€æ ·ä¸€å¤©åªç¡3å°æ—¶ã€æ™šç¡æ—©èµ·ç©¶ç«Ÿæœ‰æ— å¯èƒ½ï¼Ÿï¼Ÿï¼åˆ°åº•è¯¥å¦‚ä½•ç§‘å­¦çš„ç†¬å¤œï¼Ÿ,0,nagiçœŸçš„å¾ˆæ–‡é™,495792263,1603022454,07:05,418,202403370,BV1ka411w74u,False,0,0,0,0,,0,0,,False,0,0
531,201,271702,http://i1.hdslb.com/bfs/archive/c29c2043808ac1921ccbf6b843edf7f9345cff57.jpg,,-,1,ã€ç¡¬æ ¸ç§‘æ™®ã€‘é•¿å¤§ä»¥åï¼Œé˜²æ­¢è¿‘è§†åº¦æ•°åŠ æ·±çš„å”¯ä¸€åŠæ³•å±…ç„¶è¿™ä¹ˆç®€å•.....,0,nagiçœŸçš„å¾ˆæ–‡é™,495792263,1602590455,08:06,1679,839923291,BV1454y1R7cp,False,0,0,0,0,,0,0,,False,0,0
203,201,73219,http://i0.hdslb.com/bfs/archive/7f3b11e7c5b81f4c7351f7bc029c63e19d991224.jpg,,-,1,ã€ç¡¬æ ¸ç§‘æ™®ã€‘ä½ ä»¬æ•´å¤–å¹çš„é‚£ä¹ˆå‰å®³ï¼Œå’‹è„‚è‚ªå¡«å……åšå‡ºæ¥å…¨å‡è„¸ï¼Ÿï½œè„‚è‚ªå¡«å……æœ€å¼ºç§‘æ™®ï¼Œæ‰‹æŠŠæ‰‹æ•™ä½ é¿å‘,0,nagiçœŸçš„å¾ˆæ–‡é™,495792263,1601554811,08:27,229,627347229,BV1tt4y1v7L9,False,0,0,0,0,,0,0,,False,0,0
1186,201,420474,http://i0.hdslb.com/bfs/archive/1b5bdfd7671bb971696329aa8bae02a8872de12d.jpg,,æ˜¯é€‰æ‹©ä¼ ç»Ÿçš„å®‰å…¨å¥— èŠ‚è‚²ç¯ é¿å­•è¯ï¼Ÿè¿˜æ˜¯é€‰æ‹©æ–°å¼çš„é¿å­•å‡èƒ¶ é¿å­•è´´å’Œé¿å­•æ¤å…¥ç‰©ï¼Ÿåœ¨è¿™é‡Œç»Ÿç»Ÿå‘Šè¯‰ä½ ,1,ã€ç¡¬æ ¸ç§‘æ™®ã€‘æœªæˆå¹´æ‚£è€…äººæµ13æ¬¡ç«Ÿä»¥ä¸ºäººæµå°±æ˜¯é¿å­•ï¼Œæ°”çš„åŒ»ç”Ÿäº²è‡ªä¸Šé˜µç§‘æ™®ï½œæœ€å…¨é¿å­•æ–¹å¼è§£è¯»,0,nagiçœŸçš„å¾ˆæ–‡é™,495792263,1600515900,09:18,1575,669654776,BV1ia4y1j7QJ,False,0,0,0,0,,0,0,,False,0,0
242,21,188713,http://i1.hdslb.com/bfs/archive/338124365a28329dbc4300426b24b10ee1db56d2.jpg,,-,1,äº¤å¤§VLOG| å­¦å§å¸¦ä½ é€›ä¸Šæµ·äº¤å¤§åŒ»å­¦é™¢ï¼å¯¸åœŸå¯¸é‡‘çš„å®¿èˆå±…ç„¶é•¿è¿™æ ·ï¼Ÿ,0,nagiçœŸçš„å¾ˆæ–‡é™,495792263,1600344002,05:05,343,927029305,BV1ST4y1w7Sv,False,0,1,0,0,,0,0,,False,0,0
1072,201,183524,http://i1.hdslb.com/bfs/archive/eb58a5998dd7fa623fed0547dea27805f9208342.jpg,,ä¸¤æ€§å¹³ç­‰çš„åŸºç¡€æ˜¯äº’ç›¸ç†è§£,1,ã€ç”·ç”Ÿå¿…çœ‹ã€‘ä¸ä»…æ˜¯æœˆç»è´«å›°ï¼Œæœˆç»çŸ¥è¯†çš„ç¼ºä¹è¿«å®³6äº¿ä¸­å›½å¥³æ€§çš„ç”Ÿç†å’Œå¿ƒç† | æˆ‘è¦æŠŠæœˆç»æ”¾åœ¨å°é¢ä¸Šå’Œå¤§å®¶èŠèŠ,0,nagiçœŸçš„å¾ˆæ–‡é™,495792263,1599912002,09:32,2005,884554858,BV1WK4y1a7xX,False,0,0,0,0,,0,0,,False,0,0
125,201,42743,http://i1.hdslb.com/bfs/archive/090feda85f52877bbae2398eb8ead6a9837c74e1.jpg,,-,1,ã€è„‚è‚ªæŠ½å¸æœ¯ç¡¬æ ¸ç§‘æ™®ã€‘ä»€ä¹ˆï¼ŸæŠ½è„‚çœŸçš„èƒ½ä¸€åŠ³æ°¸é€¸å—ï¼Ÿ æ·±æ‰’æŠ½è„‚å†…å¹•,0,nagiçœŸçš„å¾ˆæ–‡é™,495792263,1599822021,10:19,296,372019761,BV1PZ4y1N7zp,False,0,0,0,0,,0,0,,False,0,0
305,201,69860,http://i1.hdslb.com/bfs/archive/2167ca97a0971c66e2ab47c7e492dfb1f6ca6dd8.jpg,,"å¸Œæœ›æ¯ä¸ªå¥³å­©éƒ½å¯ä»¥è·å¾—è‡ªä¿¡ï¼
ä¸è¿‡æ™’åä¿®å¤å’Œæ–‘ç‚¹æš—æ²‰çš„ç¾ç™½å¯ä»¥è¿™ä¹ˆåš......",1,ä½ çœŸçš„æƒ³å˜æˆå†·ç™½çš®å—ï¼Ÿï¼æ­£ç¡®çš„ç¾ç™½å§¿åŠ¿åœ¨è¿™é‡Œï¼,0,nagiçœŸçš„å¾ˆæ–‡é™,495792263,1599308146,08:27,318,754377575,BV1Hk4y127vb,False,0,0,0,0,,0,0,,False,0,0
258,21,29471,http://i0.hdslb.com/bfs/archive/ba5e61b3da54fedbadf9509f88df00ff82e9d740.jpg,,"å¾·äº‘ç¤¾å•¥æ—¶å€™ç»™æˆ‘offerï¼Ÿï¼Ÿï¼Ÿï¼Ÿï¼Ÿ
å‡ºç°äººç‰©éƒ½åœ¨ä¸Šä¸€ä¸ªvlogä¸­å‡ºç°ï¼šBV11Z4y1H7gw
ç”»å¤–éŸ³ï¼šå¤©æ‰
é»„å¤´å‘éä¸»æµï¼šèŠå£«
å‰ä»»æœ‹å‹ ç°ä»»å§å¦¹ï¼šå¼ å§

æœ¬èŠ‚ç›®ç”±ï¼šä½‘å¤©å…°è‰³è‚Œé¢è†œã€ä½‘å¤©å…°ç»å°¿é…¸çº¢æœå†»é¢è†œã€cellapyç»¿è‰²å¹²æ•ä¿®å¤é¢éœœèµåŠ©æ’­å‡ºã€‚",1,upä¸»ä¸ºäº†åä¸‡ç²‰ç¦åˆ©çº¦çŒ›ç”·å»è·³çˆµå£«ï¼Œç»“æœæœ‹å‹sexyåˆ°è¢«è€å¸ˆsolo pickï¼,0,nagiçœŸçš„å¾ˆæ–‡é™,495792263,1598704201,10:20,385,796900104,BV1KC4y1b7nJ,False,0,0,0,0,,0,0,,False,0,0
2562,201,1066969,http://i1.hdslb.com/bfs/archive/5a24bea91c6d5006375349395e5d1a8797afb4c3.jpg,,"-å“å‘€å…¶å®æ˜¯ä¸€æœŸæœ‰è¶£çš„è¿‘è§†æ¿€å…‰ç§‘æ™®è§†é¢‘ï¼
è¿™å·²ç»æ˜¯ä¸ªéå¸¸æˆç†Ÿ ä¸”æ‰‹æœ¯é‡å¾ˆå¤§çš„æ‰‹æœ¯äº†
å¤§å®¶è®°å¾—è¦å»è‡ªå·±åŸå¸‚æ‰‹æœ¯é‡å¤§ å£ç¢‘å¥½ï¼ˆå¥½å¤§å¤«æœç´¢ï¼‰çš„åŒ»ç”Ÿé‚£é‡Œå»åšå“¦
è®¤çœŸé˜…è¯»è§†é¢‘é‡Œçš„åé—ç—‡part ä¸èƒ½æ‰¿æ‹…é£é™©çš„è¯ä¸è¦å‹‰å¼ºè‡ªå·±å“¦",1,è¿‘è§†æ¿€å…‰æ‰‹æœ¯çœŸçš„é‚£ä¹ˆå¥½ï¼åŒ»é™¢é‡Œçš„åŒ»ç”Ÿä¸ºå•¥éƒ½å¸¦ç€æ¡†æ¶çœ¼ç›ï¼Ÿï¼æœ€å…¨é¢æ‰‹æœ¯ç‰¹ç‚¹ã€åé—ç—‡åˆ†æè§£å¼€è§£æƒ‘,0,nagiçœŸçš„å¾ˆæ–‡é™,495792263,1598099423,08:14,1964,969340095,BV1Rp4y1v77K,False,0,0,0,0,"{'id': 227598, 'title': 'ç¡¬æ ¸ç§‘æ™® æ¶¨çŸ¥è¯†', 'cover': 'https://archive.biliimg.com/bfs/archive/b855f115bc4d6107a64d5ea7e6898cbd803544a6.jpg', 'mid': 495792263, 'intro': '', 'sign_state': 0, 'attribute': 140, 'stat': {'season_id': 227598, 'view': 12027656, 'danmaku': 77132, 'reply': 43366, 'favorite': 329754, 'coin': 224903, 'share': 210171, 'like': 682986, 'mtime': 1696823262, 'vt': 0, 'vv': 0}, 'ep_count': 32, 'first_aid': 766756398, 'ptime': 1675854000, 'ep_num': 32}",0,0,,False,0,0
659,201,213003,http://i2.hdslb.com/bfs/archive/38d200945e41ae89d73a18bf951bcc5fd45a5a02.jpg,,å‰æ®µæ—¶é—´æ¨å¤©çœŸè¦å»åšåˆ‡èƒƒæ‰‹æœ¯ä¸Šäº†çƒ­æœå¥½å‡ å¤©ï¼Œæˆ‘ä¹Ÿæ²¡ä»”ç»†çœ‹ï¼Œä»¥ä¸ºåªæ˜¯è‰ºäººçƒ­æœè€Œå·²ï¼Œä½†æ˜¯å…¨ç½‘ä¸€ç‰‡éª‚å£°ã€‚åæ¥ä»–å‘å‡ºäº†å£°æ˜ï¼Œæˆ‘ä¸€çœ‹æ˜¯åœ¨åå±±åŒ»é™¢åšçš„ï¼Œå“‡ã€‚ã€‚ã€‚åå±±çš„è€å¸ˆæ‰£é€‚åº”ç—‡å¯æ˜¯å¾ˆå‰å®³çš„ï¼Œæ‰€ä»¥æˆ‘ä»¬ä¸€æ¢ç©¶ç«Ÿå§,1,è¢«å…¨ç½‘éª‚ä¹Ÿè¦åšçš„åˆ‡èƒƒæ‰‹æœ¯ï¼æ¨å¤©çœŸçœŸçš„ä¸ºäº†å‡è‚¥â€œæ‹¼å‘½â€äº†ï¼Ÿï¼,0,nagiçœŸçš„å¾ˆæ–‡é™,495792263,1597384809,06:02,848,244193174,BV1cv411i7se,False,0,0,0,0,"{'id': 227590, 'title': 'å¥‡è‘©åŒ»ç¾å¤§åæ§½', 'cover': 'https://archive.biliimg.com/bfs/archive/1615fb8f17737467d8a287c87ea374040c4989ab.jpg', 'mid': 495792263, 'intro': '', 'sign_state': 0, 'attribute': 140, 'stat': {'season_id': 227590, 'view': 6732544, 'danmaku': 33189, 'reply': 20182, 'favorite': 41253, 'coin': 70326, 'share': 18386, 'like': 365462, 'mtime': 1696823329, 'vt': 0, 'vv': 0}, 'ep_count': 11, 'first_aid': 851053757, 'ptime': 1681469100, 'ep_num': 11}",0,0,,False,0,0
20151,201,2910435,http://i0.hdslb.com/bfs/archive/11ea12a923cf8d4bb4d748c3fc7b7ce35d30ca7e.jpg,,ç”Ÿç†æœŸå¦‚æœæ”¾ä»»ç€ç—›ç»åè€Œæ˜¯å¯¹èº«ä½“ä¸å¥½ã€‚è™½ç„¶æˆ‘å¹³æ—¶ä¸€ç›´è¿™ä¹ˆåŠèº«è¾¹çš„å¥³å­©ï¼Œä½†å¤§å®¶è¿˜æ˜¯åšæŒé å¿è€å’Œæ„å¿—åº¦è¿‡ã€‚æ˜¯å› ä¸ºç½‘ä¸Šæ²¡æœ‰ç³»ç»Ÿçš„ç§‘æ™®å—ï¼Ÿå¦‚æœæ²¡äººå†™çš„è¯ï¼Œé‚£æˆ‘æ¥ï¼,1,ã€ç”·ç”Ÿå‹¿å…¥ã€‘ä½ å…¶å®å¯ä»¥ä¸ç—›ç»ï¼å¿ç—›åè€Œæœ‰å®³èº«ä½“ï¼Ÿï¼çœ‹å®Œä½ ä¼šæ„Ÿè°¢æˆ‘...,0,nagiçœŸçš„å¾ˆæ–‡é™,495792263,1596889858,07:39,52357,926708324,BV1BT4y157Qo,False,0,0,0,0,"{'id': 227598, 'title': 'ç¡¬æ ¸ç§‘æ™® æ¶¨çŸ¥è¯†', 'cover': 'https://archive.biliimg.com/bfs/archive/b855f115bc4d6107a64d5ea7e6898cbd803544a6.jpg', 'mid': 495792263, 'intro': '', 'sign_state': 0, 'attribute': 140, 'stat': {'season_id': 227598, 'view': 12027656, 'danmaku': 77132, 'reply': 43366, 'favorite': 329754, 'coin': 224903, 'share': 210171, 'like': 682986, 'mtime': 1696823262, 'vt': 0, 'vv': 0}, 'ep_count': 32, 'first_aid': 766756398, 'ptime': 1675854000, 'ep_num': 32}",0,0,,False,0,0
902,124,292022,http://i2.hdslb.com/bfs/archive/3522b9857437472467247e4478d4814a62ce48a6.jpg,,-,1,çœŸè¯ï¼ä¸ºå•¥ä¸šå†…äººå£«ä¸æ¨èå…¨ç½‘å¤§çƒ­é å©§ç¥åŒæ¬¾è‚‹éª¨é¼»ï¼Ÿï¼å­¦ç”Ÿå…šæœ‰å“ªäº›åŒ»ç¾é¡¹ç›®ä¸è¦åšï¼,0,nagiçœŸçš„å¾ˆæ–‡é™,495792263,1596285934,08:37,1222,839069119,BV1w54y1D7D4,False,0,0,0,0,,0,0,,False,0,0
227,124,53471,http://i2.hdslb.com/bfs/archive/73a0843742197a7b744b4874064cabcf0e9794c5.jpg,,-,1,3å—é’±èƒ½æ²»çš®è‚¤è¿‡æ•ä½ å´èŠ±å‡ åƒï¼ŸåŒ»ç”Ÿè‡ªç”¨å°å¦™æ‹›æ¨èï¼,0,nagiçœŸçš„å¾ˆæ–‡é™,495792263,1596186999,08:24,139,541544636,BV1di4y137mt,False,0,0,0,0,,0,0,,False,0,0
430,157,143518,http://i1.hdslb.com/bfs/archive/f70d496d0816dd2a1fa0e24826a053ab8137287e.jpg,,å•Šå‘€å•Šå‘€åˆæ˜¯ä½ ä»¬é—®äº†å¥½ä¹…å¥½ä¹…çš„é—®é¢˜ æˆ‘æ¥äº†,1,åŠè—æ£®æ—åŒæ¬¾ï¼Ÿ99%å­¦ç”Ÿå…šä¸çŸ¥é“çš„å‰²åŒçœ¼çš®é¢è¯Šå°å¿ƒæœºï¼æƒ³getå¥³æ˜æ˜ŸåŒæ¬¾ï¼Ÿä¸è¦ç­‰åˆ°ä¿®å¤å†åæ‚”ï¼,0,nagiçœŸçš„å¾ˆæ–‡é™,495792263,1595653247,07:50,230,541498292,BV1Di4y137YA,False,0,0,0,0,,0,0,,False,0,0
221,124,62352,http://i1.hdslb.com/bfs/archive/27a7220249df08254f403d699d243feaa82c5593.jpg,,-,1,Nagiå­¦å§||80%çš„äººéƒ½ä¸çŸ¥é“çš„é˜²æ™’è¯¯åŒºï¼ä¸é˜²æ™’è€åå²æ˜¯çœŸçš„å—ï¼ŸSPF50çœŸçš„æœ‰å¿…è¦å—ï¼Ÿ,0,nagiçœŸçš„å¾ˆæ–‡é™,495792263,1594985452,07:36,204,371421466,BV19Z4y1u7qc,False,0,0,0,0,,0,0,,False,0,0
172,124,40468,http://i1.hdslb.com/bfs/archive/d7f510e815640e2bbd1773b7bda104e9e3b146d9.png,,-,1,ç¾å®¹é™¢è‚®è„éª—å±€ï¼é’ˆç®¡æ»¥ç”¨ï¼Ÿå…¨æ˜¯å‡åŒ»ç”Ÿï¼Ÿè¢«å‘100ä¸‡ï¼Ÿé•¿ç‚¹å¿ƒå§å¦¹å¦¹ï¼,0,nagiçœŸçš„å¾ˆæ–‡é™,495792263,1594817440,06:03,205,626308878,BV1zt4y1Q7zc,False,0,0,0,0,,0,0,,False,0,0
258,157,43135,http://i1.hdslb.com/bfs/archive/f7bcef1eec54a1561c8d816d366954f76bcd7eec.jpg,,æ¥æ¥æ¥ï¼Œç»™naè€å¸ˆåˆ†æåˆ†æï¼Œä½ è¿™å¤´ç§ƒçš„è¿˜è¡Œä¸ï¼Ÿ,1,ã€è„±å‘æ€ä¹ˆåŠï¼Ÿã€‘åŒ»ç”Ÿï¼ä½ çœ‹çœ‹æˆ‘è¿™å¤´å‘è¿˜æœ‰æ•‘å—ï¼Ÿï¼Ÿ,0,nagiçœŸçš„å¾ˆæ–‡é™,495792263,1594374832,06:56,289,626337118,BV1Ut4y1Q7Fu,False,0,0,0,0,,0,0,,False,0,0
200,157,41629,http://i1.hdslb.com/bfs/archive/605142aa56bd21fe13905a6ea52be1a9ab5f4cc5.jpg,,å¦¹å¦¹ï¼ä¸Šå½“ä¸€æ¬¡è¿˜ä¸å¤Ÿï¼Œåˆ°åº•è¦ä¸Šå½“å‡ æ¬¡å•Šï¼,1,éƒ½2020å¹´äº†è¿˜æœ‰äººè‡ªå·±åœ¨å®¶åšå¾®é’ˆï¼Ÿä¸æ€•çƒ‚è„¸å°±ç»§ç»­ä½œæ­»å§ï¼,0,nagiçœŸçš„å¾ˆæ–‡é™,495792263,1593514834,08:04,188,968683939,BV16p4y1U7Z9,False,0,0,0,0,,0,0,,False,0,0
125,21,56368,http://i1.hdslb.com/bfs/archive/7d0ebede96b6d3617dc2064b2227267b0397c20a.jpg,,"ä½ ä»¬å‚¬çš„è·³èˆvlog
p2æ˜¯é˜²å¼¹ä¸ƒå‘¨å¹´è¿½æ˜Ÿvlog",1,éœ‡æ’¼ï¼Œå¥³åšå£«çš„ä¸šä½™ç”Ÿæ´»æ˜¯è¿™æ ·å­çš„........,0,nagiçœŸçš„å¾ˆæ–‡é™,495792263,1592391618,08:22,182,371115077,BV11Z4y1H7gw,False,0,0,0,0,,0,0,,False,0,0
101,157,43833,http://i2.hdslb.com/bfs/archive/ba4d436fd3490c137abf911cf2c4937c12211a10.jpg,,-,1,Nagi| æ‘˜ä¸‹å£ç½©çƒ‚è„¸å´©æºƒï¼â€œå£ç½©è„¸â€å¦‚ä½•è‡ªæ•‘ï¼Ÿä¸‰å¤§ç—‡çŠ¶å°å¦™æ‹›~,0,nagiçœŸçš„å¾ˆæ–‡é™,495792263,1592102146,06:35,546,583561361,BV1iz4y1Q7AY,False,0,0,0,0,,0,0,,False,0,0
486,21,140641,http://i2.hdslb.com/bfs/archive/d808d33f4d66a9e6755156ca7b77dddd61110907.jpg,,,1,çœ¼ç§‘åŒ»å­¦ç”Ÿï½œç½‘è¯¾çœ‹çš„çœ¼ç›é…¸èƒ€è¿˜åœ¨ç”¨ç½‘çº¢çœ¼è¯æ°´ï¼Ÿæ­£ç¡®é€‰çœ¼è¯æ°´çš„å§¿åŠ¿ï¼ä½ çœŸçš„ä¼šæ»´çœ¼è¯æ°´å—ï¼Ÿ,0,nagiçœŸçš„å¾ˆæ–‡é™,495792263,1591416601,07:23,468,668394701,BV13a4y1v74K,False,0,0,0,0,,0,0,,False,0,0
81,21,50912,http://i1.hdslb.com/bfs/archive/4bc351202e7a6c57f625396f1fc51f14d598295e.jpg,,,1,nagiå­¦å§ï½œä½ ä»¬è¦çš„å­¦ä¹ vlogæ¥äº†ï¼æ¢åº—24hçš„è‡ªä¹ å®¤ï½œç»æœ›åŒ»å­¦ç”Ÿçš„æ¼«é•¿æœŸæœ«è€ƒï½œè·Ÿæˆ‘ä¸€èµ·å­¦ä¹ å§ï¼,0,nagiçœŸçš„å¾ˆæ–‡é™,495792263,1590818423,05:36,96,710869193,BV1eQ4y1P7N1,False,0,0,0,0,,0,0,,False,0,0
207,21,98557,http://i2.hdslb.com/bfs/archive/53b19f4fe324432083157187b17a9edb73dfb70c.jpg,,å¤§å®¶åƒå‘¼ä¸‡å”¤å§‹å‡ºæ¥ï¼,1,Nagi| äº¤å¤§å­¦å§æœŸæœ«è‡ªå¾‹æš´æ¶¨100%å°å¦™æ‹›ï½œå¦‚ä½•é€¼è‡ªå·±å­¦ä¹ ï¼Ÿæ—¶é—´ç®¡ç†å¤§å¸ˆï¼Ÿæé«˜å­¦ä¹ æ•ˆç‡ï¼,0,nagiçœŸçš„å¾ˆæ–‡é™,495792263,1590746457,07:39,585,838320437,BV1Rg4y1B7eZ,False,0,0,0,0,,0,0,,False,0,0
94,21,24776,http://i2.hdslb.com/bfs/archive/ec0b67ce28a6b7678ba3ffaf1e533e9308595c6e.jpg,,æˆ‘çˆ±å­¦ä¹ ï¼Œå­¦ä¹ ä½¿æˆ‘å¿«ä¹?,1,æ³ªç›®ï¼å¥³åšå£«çš„æƒ…äººèŠ‚ï¼ï½œå¦‚ä½•åœ¨520å½“å¤©å­¦ä¹ 16ä¸ªå°æ—¶ï¼Ÿ,0,nagiçœŸçš„å¾ˆæ–‡é™,495792263,1589968202,04:46,150,968243173,BV1op4y1Q7y9,False,0,0,0,0,,0,0,,False,0,0
333,157,103387,http://i0.hdslb.com/bfs/archive/b901fcb153b365295c2729e8ca964a2777452d45.jpg,,"ä¸€ä¸ªè¨è™«è¿‡æ•æ‚£è€…çš„è¡€æ³ªå²
æœ¬æœŸè§†é¢‘æ²¡æœ‰ä»»ä½•çš„æ¨å¹¿
æ²¡æœ‰æè¯å™¨å› ä¸ºç›¸æœºæ˜¯g7x2æ‰€ä»¥ç›¯ç€ç¿»è½¬å±",1,Nagi| æ¯å¤©å’Œ200ä¸‡åªè¨è™«ä¸€èµ·ç¡è§‰ï¼Ÿäººäººèº«ä¸Šéƒ½æœ‰è¨è™«ï¼Ÿé’æ˜¥ç—˜çš„å…ƒå‡¶å±…ç„¶æ˜¯â€¦â€¦,0,nagiçœŸçš„å¾ˆæ–‡é™,495792263,1589610666,08:04,404,455674954,BV1s5411s7KR,False,0,0,0,0,,0,0,,False,0,0
110,157,28466,http://i2.hdslb.com/bfs/archive/b0ab0ac736bdeaa667c6a817344b46c585fa22c4.jpg,,bgm- dna bts,1,Nagi| å¹³æ°‘çªŸå¥³å­©æŠ—è€ç¥å™¨ï¼Œç»†çº¹æš—æ²‰ä¸€ä¸ªå…¨æå®šï¼Œä¿å§†çº§aé†‡ç±»ç§‘æ™®æ•™ç¨‹ï¼ˆè¶…çº§å¹²è´§ï¼‰,0,nagiçœŸçš„å¾ˆæ–‡é™,495792263,1589080283,10:06,77,243075480,BV1me411p7Nk,False,0,0,0,0,,0,0,,False,0,0
104,21,21126,http://i0.hdslb.com/bfs/archive/4a30b7c553268fb730920be9acaa77582907ab39.jpg,,,1,Nagi| è¶…å¹²è´§QAï¼Œå¼€å­¦ä½ æ€•äº†å—ï¼Ÿgrwmç¬”è®°åšèµ·æ¥ï¼PS.æœ¬äººç¾å¦†ç”Ÿæ¶¯æ»‘é“å¢,0,nagiçœŸçš„å¾ˆæ–‡é™,495792263,1588313876,10:30,178,882897147,BV1eK4y1k7q1,False,0,0,0,0,,0,0,,False,0,0
527,208,113574,http://i1.hdslb.com/bfs/archive/0a36cd59b68ff079b98abdc6e63866373f6aec51.jpg,,"-BGM boy with lUV-BTS ï¼ˆINST.)

åº”å¤§å®¶è¦æ±‚åšçš„éªšé‡Œéªšæ°”å°è§†é¢‘ï¼ç»™æˆ‘å†²å•Šï¼",1,Nagi| äº¤å¤§å­¦å§æœ€å¼ºé«˜è€ƒä¸“ä¸šé€‰æ‹©â€œå¿ƒæœºâ€æ•™ç¨‹ï¼Œå­¦æ ¡orä¸“ä¸šï¼Ÿå¦‚ä½•è®¤æ¸…ä¸“ä¸šç°å®ï¼Ÿ,0,nagiçœŸçš„å¾ˆæ–‡é™,495792263,1587789177,10:10,629,242920658,BV16e411s7j8,False,0,0,0,0,,0,0,,False,0,0
327,208,36555,http://i2.hdslb.com/bfs/archive/0ccb8e1ff3263be319c95b66e1826cf0264453c4.jpg,,-,1,Nagiå­¦å§| ä¸åšæ‰‹æœ¯ä¼šçï¼Ÿ å€’ç«çŸ¥è¯†å°ç™¾ç§‘ï¼Œç–¾ç—…åˆ†ç±»ï¼Œæ²»ç–—åŸåˆ™ï¼Œåé—ç—‡éƒ½åœ¨è¿™é‡Œï¼ˆå¹²è´§æ»¡æ»¡ï¼‰,0,nagiçœŸçš„å¾ˆæ–‡é™,495792263,1587188969,10:07,252,752871974,BV1yk4y1R7Zu,False,0,0,0,0,,0,0,,False,0,0
206,21,63514,http://i0.hdslb.com/bfs/archive/4dc2b92abda4074686a065193750c4d1a7c14984.jpg,,è°¢è°¢525è¡—èˆç¤¾è”åˆåˆä½œå‡ºäº†è¿™æ ·ä¸€æœŸçš„äº¤é€šå¤§å­¦ç¾å°‘å¥³å›¾é‰´ï¼ç¾å°‘å¥³ä»¬å­¦æœ¯èˆè¹ˆæ ·æ ·ä¿±ä½³æˆ‘çœŸçš„iäº†ï¼å¤§å®¶å¿«æ¥pickå§ï¼,1,ä¸Šæµ·äº¤é€šå¤§å­¦ç‰ˆã€Šé’æ˜¥æœ‰ä½ 2ã€‹ï¼bç«™çš„å¥³å›¢åˆ›å§‹äººä»¬çœ‹è¿‡æ¥ï¼å“ªä¸ªå°å§å§æ˜¯ä½ å¿ƒä¸­çš„cä½å‡ºé“å‘¢ï¼Ÿ|525è¡—èˆç¤¾ç¯‡,0,nagiçœŸçš„å¾ˆæ–‡é™,495792263,1586539203,08:51,991,370151829,BV1AZ4y1x7rg,False,0,0,0,0,,0,0,,False,0,0
195,208,51463,http://i0.hdslb.com/bfs/archive/3aa7735feaab6f96ae39a3930650eaa8fa2d898c.jpg,,"æˆ‘è§‰å¾—å¾ˆé‡è¦çš„çŸ¥è¯†ç§‘æ™®ï¼æœ‰æœ¨æœ‰è¯¾ä»£è¡¨
bgmï¼š dna-bts",1,Nagiå­¦å§| ç”·ç”Ÿä¹Ÿä¼šå¾—ä¹³è…ºç™Œï¼Ÿä¹³è…ºå¢ç”Ÿç­‰äºç™Œç—‡ï¼Ÿå¦‚ä½•æ­£ç¡®è‡ªæ£€ï¼Œä½“æ£€æŠ¥å‘Šæ€ä¹ˆè§£è¯»ï¼Ÿï¼ˆå¹²è´§æ»¡æ»¡ï¼‰,0,nagiçœŸçš„å¾ˆæ–‡é™,495792263,1586091066,10:11,459,370213799,BV1pZ4y1x7TK,False,0,0,0,0,,0,0,,False,0,0
188,21,20057,http://i1.hdslb.com/bfs/archive/f8a366284241b79f5ff7e303d305ac40a3a940bb.jpg,,bgmï¼šdna-bts,1,Nagi| å¤§å­¦ç”ŸåŒ»ä¿ä½ å¿…é¡»çŸ¥é“çš„è¿™äº›äº‹ï¼ä¸ºä»€ä¹ˆå›½å®¶é¼“åŠ±è´­å…¥å•†ä¸šè¡¥å……åŒ»ç–—ä¿é™©ï¼ˆå…¨æ˜¯å¹²è´§ï¼‰,0,nagiçœŸçš„å¾ˆæ–‡é™,495792263,1585769531,10:25,229,327619795,BV17A411h7vj,False,0,0,0,0,,0,0,,False,0,0
153,21,18845,http://i1.hdslb.com/bfs/archive/8dec8350015b3b434c407653c35cb65a66eebef5.jpg,,bgmï¼š æ˜¥æ—¥-bts,1,Nagiï½œç”±nå·æˆ¿äº‹ä»¶å¼•å‘ï¼Œå”¯åˆ†æ•°è®º/åæ ¡è®ºçš„æ€è€ƒ|æ­§è§†é“¾ï¼Œç´ è´¨æ•™è‚²,0,nagiçœŸçš„å¾ˆæ–‡é™,495792263,1585473766,06:37,329,667577647,BV17a4y1t7i4,False,0,0,0,0,,0,0,,False,0,0
187,21,82646,http://i0.hdslb.com/bfs/archive/87bede09b07aff96294adaff136914e2c16576d9.jpg,,bgmï¼šego- jhope from bts,1,Nagi| vlogä¹‹å¥³å¤–ç§‘ï¼ŸåŒ»ï¼ˆå­¦ï¼‰ç”Ÿçš„é—¨è¯Šæ‰‹æœ¯æ—¥ï¼Œå¯¹é€‰æ‹©å¤–ç§‘çš„çœ‹æ³•ï¼Ÿå†…å«å½©è›‹,0,nagiçœŸçš„å¾ˆæ–‡é™,495792263,1585163707,03:30,227,99308148,BV18741117X8,False,0,0,0,0,,0,0,,False,0,0
224,157,35725,http://i0.hdslb.com/bfs/archive/da0141e53fd465da08055809e102da3150a6bfa4.jpg,,"bgmï¼š
euphoria-jk from bts
sweet night-v from bts",1,åŠé£ç§’è¿‘è§†æ¿€å…‰æ‰‹æœ¯ | è¿œè§†ï¼Ÿå¼±è§†ï¼Ÿè¿‘è§†ï¼20å¹´ä¹Ÿèƒ½æˆåŠŸè„±é•œï¼Ÿï¼| nagiä¸å¥½å‹ã®åŒ»å­¦ç›¸å£°ç§‘æ™® | ç‹—ç‹—vlogç¦åˆ©,0,nagiçœŸçš„å¾ˆæ–‡é™,495792263,1584809122,15:12,162,97890262,BV1YE411A792,False,0,0,0,0,,0,0,,False,0,0
1655,157,371197,http://i1.hdslb.com/bfs/archive/04abc577993e8ea94b838261fc65215048fa6b96.jpg,,"å˜»å˜»å˜»è¿‘è§†ç§‘æ™®æ¥å•¦ï¼
bgmï¼šconverse high-bts",1,Nagiå­¦å§ | é»‘ç§‘æŠ€è¿‘è§†æ‰‹æœ¯ICLæ™¶ä½“æ¤å…¥æœ¯è¶…å¼ºç§‘æ™®ï¼šä»·æ ¼ï¼Ÿæ•ˆæœï¼Ÿå¹¶å‘ç—‡ï¼Ÿéƒ½åœ¨è¿™é‡Œäº†ï¼,0,nagiçœŸçš„å¾ˆæ–‡é™,495792263,1584094913,09:29,1251,95965890,BV1HE411G7Ri,False,0,0,0,0,,0,0,,False,0,0
134,21,30883,http://i2.hdslb.com/bfs/archive/c8a48ec4bd917abb847aaf9e8fdc56ce3da812a9.jpg,,"bgm promise- jimin
inner child-v",1,Nagi| Q&A|ç²¾ç¥å´©æºƒè‡ªæ•‘ï½œæ‘†è„±è¤ªé»‘ç´ åŠ©çœ |ä¸“ä¸šè¯¾èƒŒè¯µæŠ€å·§ï½œé˜²å¼¹æ‹†ä¸“ï½œéƒ½åœ¨è¿™é‡Œ,0,nagiçœŸçš„å¾ˆæ–‡é™,495792263,1583817870,16:23,360,95113508,BV1FE411M7zA,False,0,0,0,0,,0,0,,False,0,0
1490,157,360642,http://i0.hdslb.com/bfs/archive/141a3e4fef2ba14c62acf33bfafb38857172fe2e.jpg,,"ä¸€é”®ä¸‰è¿è®©æ›´å¤šäººçœ‹åˆ°ï¼Œä»Šåé—¨è¯Šå°±ä¼šæœ‰æ›´å°‘æ¥ä¿®å¤çš„å§‘å¨˜......
BGMï¼šMoon-BTS",1,ç¾ å¥³ å˜ é’ è›™ ï¼šä¸šå†…äººå£«æ­ç§˜é£é¡æ—¥éŸ©æ¼”è‰ºåœˆã€çœ¼ç‘ä¸‹è‡³ã€‘å¤§çœ¼æœ¯çš„å…­å®—ç½ª,0,nagiçœŸçš„å¾ˆæ–‡é™,495792263,1583314251,07:34,2609,93446912,BV1JE411471T,False,0,0,0,0,"{'id': 227590, 'title': 'å¥‡è‘©åŒ»ç¾å¤§åæ§½', 'cover': 'https://archive.biliimg.com/bfs/archive/1615fb8f17737467d8a287c87ea374040c4989ab.jpg', 'mid': 495792263, 'intro': '', 'sign_state': 0, 'attribute': 140, 'stat': {'season_id': 227590, 'view': 6732544, 'danmaku': 33189, 'reply': 20182, 'favorite': 41253, 'coin': 70326, 'share': 18386, 'like': 365462, 'mtime': 1696823329, 'vt': 0, 'vv': 0}, 'ep_count': 11, 'first_aid': 851053757, 'ptime': 1681469100, 'ep_num': 11}",0,0,,False,0,0
1282,21,520182,http://i0.hdslb.com/bfs/archive/780f11e6241d407b4b35b75b4ade97c57d85a069.jpg,,"åº”å¤§å®¶è¦æ±‚åšçš„è§†é¢‘ï¼Œæœ‰æœ¨æœ‰è¯¾ä»£è¡¨ï¼
bgmï¼šfilter -BTS(jimin solo)",1,Nagi | é«˜ä¸‰å¦‚ä½•èŠ±ä¹ä¸ªæœˆä»å­¦æ¸£é€†è¢­è€ƒä¸Šäº¤å¤§æœ¬åšè¿è¯»ï¼ˆå¹²è´§æ»¡æ»¡ï¼‰,0,nagiçœŸçš„å¾ˆæ–‡é™,495792263,1582716103,12:44,5286,91760080,BV1f7411N7uB,False,0,0,0,0,,0,0,,False,0,0
1448,21,310160,http://i0.hdslb.com/bfs/archive/ca65402658018c16c0c3a4b205b388bad8e3af5c.jpg,,"ä»åŠäººå­¦åŒ»ï¼Œå¤©æ‰“é›·åŠˆåˆ°ç™½è¡£å¤©ä½¿ï¼Œé«˜å°šä¼Ÿå¤§ï¼›ä¹Ÿä¸è¿‡æ˜¯çŸ­çŸ­çš„ä¸€ä¸ªæœˆæ—¶é—´ï¼Œåœ¨åšå¯èƒ½å½±å“ä¸€ç”Ÿçš„é€‰æ‹©ä¹‹å‰ï¼Œä½ å¿…é¡»è¦æ·±æ€ç†Ÿè™‘ã€‚

åŒ»ç–—å½±è§†å‰§å‚è€ƒç´ æå¦‚ä¸‹ï¼šav13927767 av89600438
å¼€å¤´å¸…å“¥æŒ‡è·¯ av87312373",1,Nagiï½œ äº¤å¤§åŒ»å­¦é™¢å­¦å§è¡€æ³ªæ€»ç»“ï¼šé«˜è€ƒå¡«æŠ¥åŒ»å­¦å¿—æ„¿å‰ä½ å¿…é¡»çŸ¥é“çš„äº”ä»¶äº‹ï¼,0,nagiçœŸçš„å¾ˆæ–‡é™,495792263,1582196524,08:48,2196,90374942,BV1L7411P7Sx,False,0,0,0,0,,0,0,,False,0,0
155,21,57092,http://i1.hdslb.com/bfs/archive/e09242e65fc82126f43161e65a032b85ae79836d.jpg,,"ä¸€äº›è‡ªå·±çš„æƒ³æ³•ï¼Œä¸ä¸€å®šæ­£ç¡®ï¼Œä»¥å¨±ä¹çš„å¿ƒæ€çœ‹å¾…å§ï¼å¸Œæœ›å¯¹å¤§å®¶æœ‰æ‰€å¸®åŠ©ã€‚æœ‰ä¸å¯¹çš„åœ°æ–¹æ¬¢è¿è®¨è®ºä¸å­¦ä¹ ã€‚
å‚è€ƒæ–‡çŒ®è§è¯„è®ºã€‚",1,ã€Nagiã€‘äº¤å¤§åšå£«å°å§å§æ•™ä½ èµ°å‡ºè®¤è¯†æ›¿ä»£æ€§åˆ›ä¼¤ï¼Œèµ°å‡ºè´Ÿé¢æƒ…ç»ª,0,nagiçœŸçš„å¾ˆæ–‡é™,495792263,1581719630,06:58,266,89000747,BV1B7411g7pY,False,0,0,0,0,,0,0,,False,0,0
